Date,Open,High,Low ,Last ,Close ,Total Trade Quantity,Turnover
1-Jan-16,1009.8,1018.9,1008.2,1013.6,1015.35,1238135,1257352825
4-Jan-16,1005,1013.8,986.7,993.2,995.3,6896571,6889070475
5-Jan-16,1000.3,1010,997,1005,1005.15,3416459,3428125271
6-Jan-16,1007.6,1038.4,1000.4,1029.1,1032.2,6116855,6289073421
7-Jan-16,1021.05,1028,1008.05,1018.9,1013.25,4512219,4587700425
8-Jan-16,1020,1032.9,1016.7,1027.4,1025.75,4871839,4999056504
11-Jan-16,1015.95,1060.8,1011,1054,1051.6,6632671,6950389025
12-Jan-16,1055,1065.4,1041.1,1044.4,1045.45,5342761,5626465576
13-Jan-16,1053.1,1089.75,1047.2,1073.2,1076.85,16412811,17412825596
14-Jan-16,1063.85,1081,1053.05,1060.45,1061.65,6359913,6788622870
15-Jan-16,1069.75,1089.5,1065.6,1072.6,1073.3,6575725,7104390948
18-Jan-16,1075,1083.95,1008.1,1020.4,1016.85,6229959,6540923210
19-Jan-16,1029,1049.8,1014.1,1046.95,1043.6,4912096,5091435246
20-Jan-16,1034.9,1034.9,990,1009.15,1004.55,10312353,10404327994
21-Jan-16,1017.55,1025.75,976.7,982.45,984.2,7261772,7224376995
22-Jan-16,994.05,1011,994.05,1004.05,1004.15,5413455,5431058011
25-Jan-16,1010,1018.75,1000,1000.2,1003.95,2994340,3026275942
27-Jan-16,1008.1,1010,996.95,997,999.35,3943295,3959581189
28-Jan-16,1001,1021.8,997.1,1015.5,1016.9,5274473,5339625414
29-Jan-16,1018.95,1040,1018,1036,1035.4,4383577,4527146899
1-Feb-16,1039.95,1041.8,1025.55,1028.2,1030.3,2267273,2341781935
2-Feb-16,1030.3,1032.8,990.5,995.5,1001.15,3376466,3423672334
3-Feb-16,988,994,975,980,981.4,3586808,3529766340
4-Feb-16,988,1001,965.7,977.65,973.05,4161079,4090669618
5-Feb-16,979.1,982,961.4,974.9,970.9,4799882,4658176118
8-Feb-16,971.1,984.8,957.95,959.65,961.05,2760853,2691151281
9-Feb-16,952.9,968.8,950,956.75,957.5,4481029,4306263438
10-Feb-16,951.7,973,948.65,965.4,962.65,3859250,3714199986
11-Feb-16,962.85,965.95,915.5,924,924.55,3912163,3678803898
12-Feb-16,933.9,933.9,888.1,904.85,906.55,6701935,6085411197
15-Feb-16,918,951.35,918,944.4,946.75,4407889,4142717540
16-Feb-16,951.1,958,927,929.25,930.55,2977263,2810849105
17-Feb-16,935.1,957.45,916.4,956.1,952.6,3529832,3312170035
18-Feb-16,962.95,968.7,936,937.15,940.1,3299161,3131982377
19-Feb-16,940,952.75,937.35,943.5,944.35,2339664,2209778479
22-Feb-16,944.1,968.3,944.1,963,962.3,2919198,2805180452
23-Feb-16,963.1,967.2,942.75,943.9,949.65,4340746,4160698808
24-Feb-16,944.9,958.55,942,955,952.65,3471311,3307166889
25-Feb-16,954.2,956.55,940.85,942,944.1,5675025,5371391774
26-Feb-16,953,958.75,944.3,953,950.35,1908533,1816331636
29-Feb-16,951.3,994.6,935,965,966.65,7093474,6816551287
1-Mar-16,964.7,985.05,964.65,984.25,981.3,3760923,3684645581
2-Mar-16,992.9,1005.75,987.25,1000,1001.5,4595886,4590432124
3-Mar-16,1010,1018,997.5,1010,1012.85,3630006,3663682139
4-Mar-16,1014,1015,1003.5,1007.5,1006.4,2054428,2070143079
8-Mar-16,1007.5,1030.9,1007.5,1023,1027,3022554,3087984351
9-Mar-16,1020,1043.9,1018.6,1041.9,1041.7,2709831,2801141034
10-Mar-16,1042.05,1045.9,1009,1009.15,1011.75,4733124,4820313423
11-Mar-16,1014.9,1029.55,1010.6,1015.4,1014.5,3501676,3569686913
14-Mar-16,1019.1,1026.4,1012.95,1019.75,1019.75,2715590,2765572642
15-Mar-16,1024,1027.85,1015.1,1019.55,1020.5,2397332,2449201924
16-Mar-16,1021,1025.8,1005.45,1024.4,1021.75,2529074,2568957743
17-Mar-16,1027,1036.9,1012,1014.5,1016,3847740,3949732218
18-Mar-16,1018.25,1030.15,1015.7,1028.3,1027.2,3207246,3284213965
21-Mar-16,1027.95,1041.5,1022.75,1040,1037.3,2904852,2993700834
22-Mar-16,1037,1052.25,1035.65,1049.35,1047.85,3504967,3661562667
23-Mar-16,1046.9,1046.9,1022.4,1027.25,1029.2,3841654,3962605795
28-Mar-16,1030,1031.7,1015.65,1022.5,1020.4,4130553,4224624949
29-Mar-16,1023.8,1042,1020.2,1034,1036.25,3627901,3752397078
30-Mar-16,1042.7,1051.75,1042.7,1047.4,1047.05,3303780,3460764578
31-Mar-16,1041,1056,1032.7,1045,1045.2,7047985,7368811911
1-Apr-16,1039.1,1046.3,1025,1035,1034.45,2830115,2923641416
4-Apr-16,1040,1042.2,1025.3,1035.75,1035.05,1973260,2036784077
5-Apr-16,1031.35,1042.4,1022.2,1027.3,1026.95,2345148,2417937240
6-Apr-16,1032.1,1036.7,1022.6,1034.4,1033.75,1597975,1645826296
7-Apr-16,1034.9,1048,1022.1,1034.8,1037.25,2009055,2083849370
8-Apr-16,1035.9,1054.45,1031.2,1035,1036.35,3065701,3193915291
11-Apr-16,1037,1045.5,1033,1039.2,1040.3,2356318,2451516879
12-Apr-16,1040.3,1057.45,1038.05,1047.6,1047.4,2552099,2676798111
13-Apr-16,1052.55,1069.9,1052.55,1064.6,1066.05,3666141,3886222311
18-Apr-16,1065.8,1066.8,1055.4,1063.05,1064.75,4358102,4624603232
20-Apr-16,1069.2,1069.2,1035.8,1037.15,1037.3,4957497,5179668393
21-Apr-16,1041.4,1052,1035,1039.5,1041.15,2601436,2712047919
22-Apr-16,1039,1047.5,1029.3,1040.5,1038.95,2675586,2780346365
25-Apr-16,1044.45,1044.45,1012.3,1014.55,1016.9,13979586,14256999658
26-Apr-16,1015.4,1023.9,1007.5,1014.3,1016.95,6041279,6121324712
27-Apr-16,1017.9,1025.95,1016,1018.45,1019.4,3315060,3387251624
28-Apr-16,1014,1019.2,990.95,993.5,996.7,14160507,14237803966
29-Apr-16,993.45,998.55,978.85,980.9,982.7,5367060,5297844666
2-May-16,979,992.4,978,987,986.95,2427753,2395582308
3-May-16,988,994.95,972.75,975,975.8,4016624,3947642760
4-May-16,974.05,983.7,973,976,978.1,3096453,3031966775
5-May-16,980,983.45,970.9,974.9,975.25,4952411,4837354465
6-May-16,973,976.8,967,969.15,968.95,3371220,3273738349
9-May-16,975,986,972.8,983.3,983.1,3508088,3442124767
10-May-16,983.1,984.7,978,982.3,982.55,1656840,1626181209
11-May-16,971.8,980.75,970,974.1,975.4,2820699,2754314214
12-May-16,976,994.2,975.05,993,992.8,2922714,2884182558
13-May-16,988.95,990.55,975,975.95,978.15,3348353,3285903493
16-May-16,977,982.5,971.1,974.5,975.95,2132072,2081760479
17-May-16,980.25,983.1,966.35,967.45,969.15,2779023,2706668840
18-May-16,965.9,972.5,964.1,970.05,970.55,1880974,1824529637
19-May-16,971.7,971.9,945.6,947.35,951.2,2088058,2006009103
20-May-16,952,954.5,931.35,933.4,934.2,4238988,3997447797
23-May-16,937.35,940.7,925.65,931.1,930,4198098,3914538268
24-May-16,928.05,944,928.05,941,940.45,2807737,2638876532
25-May-16,949.85,952.8,941.15,949.65,951.2,2112135,2002517642
26-May-16,950,952.4,944.1,947.3,946.85,3243601,3073707523
27-May-16,949.05,976.9,948.75,973.1,974.7,3063379,2961741219
30-May-16,976.4,981.5,965,965.8,968.7,2202091,2140805461
31-May-16,969,973,956.5,959,957.85,5333469,5119973489
1-Jun-16,957.95,966.1,951.8,952.7,953.6,2067034,1982696122
2-Jun-16,954.5,957.15,945.1,955.35,956.25,2343852,2227760801
3-Jun-16,960,962.9,955.85,958.75,959.65,1975712,1895977557
6-Jun-16,961,963,952.55,954.45,954.8,1982466,1897147293
7-Jun-16,957.25,960.95,951.6,953.45,955.05,4332627,4142620601
8-Jun-16,958,958,949.15,955.95,954.1,2773975,2644278170
9-Jun-16,960,976.45,956.2,970,971.15,3575840,3472641638
10-Jun-16,974,984.4,968.3,975.7,976.7,3729737,3642612996
13-Jun-16,969.9,983.45,963.05,980,981.1,2334856,2273535313
14-Jun-16,980.95,985.4,969.3,976.3,976.25,2497008,2440817299
15-Jun-16,980,986.5,973.75,981.85,984.6,2543921,2493348429
16-Jun-16,981,983.65,967.05,975.25,976.3,2142329,2089779295
17-Jun-16,977,978.65,970.1,973,974.9,2408096,2346137251
20-Jun-16,972.15,992.6,968,987.5,990.2,2459237,2418252128
21-Jun-16,994.1,994.15,979.7,983.05,987.1,3184865,3139971425
22-Jun-16,985,985.9,977.1,978,980.5,2923284,2866888654
23-Jun-16,979.95,982,970,981,980.45,2248693,2193589013
24-Jun-16,964.9,964.9,933.4,948.55,951.45,5711173,5409346859
27-Jun-16,940.5,958.4,940.5,953.9,955.65,2094599,1997741765
28-Jun-16,956.4,961.55,955,958,957.8,1738370,1666404999
29-Jun-16,962,968.95,960,967,966.9,1719857,1659360681
30-Jun-16,972,977.5,967.05,969,969.15,2916329,2831792987
1-Jul-16,972.75,976.8,970,974.75,973.45,1510979,1470225446
4-Jul-16,975.5,993.6,975.5,986.35,986.7,1783750,1761346964
5-Jul-16,986.1,1002.9,980.3,991.2,993.1,2596678,2582210954
7-Jul-16,992.5,1000.5,986.15,988.1,987.9,2749648,2728683065
8-Jul-16,987,989,976.35,977.6,978.4,1632225,1603394588
11-Jul-16,991,994.95,985.5,991.55,992.5,1889606,1873068863
12-Jul-16,995.25,1005,991,1003.4,1003.4,2232685,2229070184
13-Jul-16,1005.2,1016.7,1004.15,1008,1008.75,3409386,3446506826
14-Jul-16,1008.1,1014.1,998.25,1004.2,1004.9,2459183,2474605487
15-Jul-16,1009,1021,1003.5,1014.35,1012.2,3198562,3241175869
18-Jul-16,1028,1038.75,1001.75,1002.9,1006.25,7339086,7518309445
19-Jul-16,1006,1022.95,995.3,1022.5,1017.8,3805750,3844707695
20-Jul-16,1019.95,1028.3,1016.55,1022.75,1023,2803645,2866191225
21-Jul-16,1024,1025,1005,1006.2,1006.35,1534044,1551205389
22-Jul-16,1006,1017.8,1005.1,1015.9,1014.85,1577114,1598204862
25-Jul-16,1014,1023.75,1007.35,1020.5,1022.75,1883884,1914975226
26-Jul-16,1023,1034.8,1015.2,1022.25,1024.05,2403872,2471965451
27-Jul-16,1023.05,1026,1008.95,1011.2,1013.1,2521448,2564577316
28-Jul-16,1014.95,1030.5,1013.05,1024,1026.35,3568375,3649633314
29-Jul-16,1024,1024.9,1012,1016.05,1014.9,2201164,2236478542
1-Aug-16,1018,1020.3,1005.05,1009,1009.5,1823694,1846202182
2-Aug-16,1008,1020,1006.3,1013,1012.8,1762408,1788291755
3-Aug-16,1014.4,1014.4,991.5,992.9,993.95,2713804,2708366174
4-Aug-16,999,1000,983.4,995.2,993,2328716,2306189259
5-Aug-16,998,1019,997.05,1018,1016.25,2767914,2790650163
8-Aug-16,1019.9,1034,1018.65,1027.3,1029.25,3098753,3190040712
9-Aug-16,1027,1034.5,1021,1029.9,1030.7,3038046,3122459911
10-Aug-16,1031.25,1034.55,1002,1002.2,1003.65,3079463,3116960499
11-Aug-16,1001.95,1022.85,999.6,1014,1014.1,3238899,3282503483
12-Aug-16,1017,1042.9,1017,1032.55,1035.8,3740861,3863571902
16-Aug-16,1036.25,1044.8,1015.5,1023.65,1024.9,3055603,3141211271
17-Aug-16,1024.1,1028.8,1007.2,1014,1013.3,3539970,3594983479
18-Aug-16,1016,1023.65,1016,1018,1018.05,1771449,1805112795
19-Aug-16,1018,1022,1007.1,1013.3,1014.9,1869308,1898300779
22-Aug-16,1012,1019.7,1007.2,1010.05,1011.85,1527904,1547496176
23-Aug-16,1012,1015,1005,1011.2,1010.45,1673328,1690268899
24-Aug-16,1011.7,1021.95,1011,1021.25,1020.5,1993153,2027291124
25-Aug-16,1021.2,1029,1009,1013.95,1012.7,3419775,3481068525
26-Aug-16,1017.9,1030.8,1014.6,1026.6,1027.9,2203465,2258151955
29-Aug-16,1027.25,1059.75,1026.1,1059.3,1057.45,3701495,3872133055
30-Aug-16,1062,1068.5,1053,1064.75,1066.4,4153522,4414855721
31-Aug-16,1064.9,1074,1047,1047.9,1060,5324960,5665324907
1-Sep-16,1053,1072.75,1025.7,1028.05,1029.2,9742454,10234626989
2-Sep-16,1031.1,1032.55,1002.3,1013,1013.35,6428814,6517819698
6-Sep-16,1019.9,1025,1015,1021.7,1019.9,2631091,2681861446
7-Sep-16,1022,1027.05,1013.05,1017,1017.65,2954995,3011590628
8-Sep-16,1023.05,1035.95,1020.2,1034,1033.4,2790196,2876333145
9-Sep-16,1035,1049.9,1030,1041.5,1044.55,3490441,3638707846
12-Sep-16,1030.4,1056,1029.15,1046.95,1046.5,7699800,8061595469
14-Sep-16,1048,1059,1040.9,1043,1044.75,4252754,4461991599
15-Sep-16,1047,1070.2,1047,1064.8,1065,7170885,7567970041
16-Sep-16,1067,1093.85,1059.1,1072.9,1075.55,8988926,9710711353
19-Sep-16,1072.55,1088,1071,1083,1082.4,3812324,4120984369
20-Sep-16,1084,1084.75,1069.05,1073.55,1074.2,2635854,2836524443
21-Sep-16,1074,1084.9,1069,1070,1072.25,2501476,2690360398
22-Sep-16,1083,1095.8,1079,1086.95,1088.95,4288544,4675251073
23-Sep-16,1089,1109.45,1089,1101.6,1102.8,7105725,7818310313
26-Sep-16,1103.4,1129.55,1100.25,1106.3,1107.2,8734943,9771217522
27-Sep-16,1117,1125.95,1106.6,1110.9,1110.5,4428693,4939498790
28-Sep-16,1107.9,1108,1086.3,1089,1090.65,5673488,6198865983
29-Sep-16,1095,1110.75,1067.4,1074.55,1072.45,4859746,5272989986
30-Sep-16,1068,1094.55,1066.3,1084.5,1083.7,2560105,2772082002
3-Oct-16,1087,1107.95,1076.25,1090,1090.7,4143109,4529687733
4-Oct-16,1093.05,1108.3,1092,1095,1096.35,2997544,3299004036
5-Oct-16,1104,1106.5,1085.8,1090,1089.4,2466397,2701225312
6-Oct-16,1092,1126.25,1092,1112,1110.8,4825630,5376475095
7-Oct-16,1114,1123.05,1106.5,1106.95,1109,3492838,3891447818
10-Oct-16,1114,1122,1094,1096,1096.35,2640973,2920222668
13-Oct-16,1089,1089.05,1052,1058.5,1057.15,5014667,5354276741
14-Oct-16,1063,1082,1061.65,1078.95,1077.65,3489473,3745322971
17-Oct-16,1080,1080.8,1058.75,1060.4,1060.65,2246237,2400217762
18-Oct-16,1066,1082.75,1062.05,1079.55,1081.1,2531133,2725292003
19-Oct-16,1084.45,1094.7,1081.4,1087,1087.35,3902656,4248885070
20-Oct-16,1093.95,1098,1084.05,1086.1,1087.55,2314521,2522655591
21-Oct-16,1097,1097,1058.4,1065,1064.2,9968242,10656537355
24-Oct-16,1070,1074,1060.65,1063.3,1063.3,2403099,2565001759
25-Oct-16,1065,1065.25,1054.2,1063.5,1060.85,1750711,1855315528
26-Oct-16,1056.05,1059.45,1052.1,1054.5,1054.05,2502055,2638835504
27-Oct-16,1051.1,1053.9,1043.4,1050.5,1048.7,2935574,3078514158
28-Oct-16,1050,1058,1043.8,1056,1054.95,1857917,1955599208
30-Oct-16,1058.75,1058.75,1046.3,1049.55,1051.2,362170,381202360.2
1-Nov-16,1051.3,1055.95,1047.4,1052,1051,2337011,2456355916
2-Nov-16,1041,1042.85,1021,1026.4,1023.75,1609225,1657027215
3-Nov-16,1023.85,1034.75,1020.6,1021.9,1023.95,1671371,1718133325
4-Nov-16,1020.25,1026.9,1000,1006.55,1005.55,2636911,2665480457
7-Nov-16,1014,1016.55,999.05,1000,1001.15,2172921,2183786373
8-Nov-16,1005.7,1005.7,998.3,1003.9,1003.5,3070346,3075564144
9-Nov-16,950,1009,930,1003,1004.6,4946573,4854675034
10-Nov-16,1018.6,1028.95,1007,1008.05,1010.4,2231907,2272175380
11-Nov-16,997.85,1017.5,995.1,998,1001.75,3377392,3390025727
15-Nov-16,996.5,1000,979.55,982.85,985.4,3311592,3274482016
16-Nov-16,995,996.8,980.7,982.05,986.55,3783226,3747602868
17-Nov-16,986,998.15,974.4,977.05,977.75,2886635,2849709344
18-Nov-16,985,992.7,982,986.4,987.5,4151928,4101257453
21-Nov-16,987.55,993.55,983.2,993,991.5,3024712,2991285792
22-Nov-16,997.7,1007.8,993.3,1001.3,1001.45,4033660,4036245792
23-Nov-16,1005,1010.5,999.55,1007,1009,2996248,3012288585
24-Nov-16,1005.55,1005.55,982.2,992.4,987.35,4323375,4278988686
25-Nov-16,990,995.9,984.35,993,993.7,2389829,2365422434
28-Nov-16,993,1000.6,984.1,986.5,986.65,1900161,1884801099
29-Nov-16,989,1004.3,988.05,997.95,997.7,2259609,2259387576
30-Nov-16,999.95,999.95,986.65,988.15,990.05,6308004,6245953461
1-Dec-16,1000,1015,995,996.5,997.75,2886513,2899649144
2-Dec-16,995.9,1005,991.8,995.6,994.75,2853045,2851867040
5-Dec-16,995,999.7,986.5,993.05,993.85,911410,905170181.8
6-Dec-16,996,1006.55,994.6,1003.25,1005.2,1537535,1538464382
7-Dec-16,1004,1007.6,996.35,1001.85,999.15,1127113,1130270449
8-Dec-16,1005.05,1021.8,1004.35,1019.55,1020.05,2000230,2034423374
9-Dec-16,1022,1031.85,1020.3,1028.95,1028.95,1883333,1936017722
12-Dec-16,1020.5,1041.7,1020.5,1024.9,1027.2,2062700,2133530208
13-Dec-16,1028,1041,1027.55,1039,1039.8,2369453,2458635174
14-Dec-16,1039.8,1064.45,1038.2,1056.35,1059.5,5517829,5830998013
15-Dec-16,1052.4,1067.6,1048.65,1051,1052.95,4418967,4681049111
16-Dec-16,1052,1062,1052,1055.85,1057.15,3415537,3611399948
19-Dec-16,1055,1066.95,1054.35,1060.55,1062.55,3430950,3649521700
20-Dec-16,1054.7,1061,1053.15,1060,1057.9,2671719,2828402959
21-Dec-16,1060.1,1067.3,1057.2,1063,1063.25,4655758,4940302653
22-Dec-16,1058,1062.65,1050.95,1052,1053.35,6604416,6990846841
23-Dec-16,1052,1068.95,1052,1059.9,1057.3,2346414,2486990080
26-Dec-16,1054.35,1066,1044.65,1044.95,1047.45,3502299,3700130720
27-Dec-16,1047.85,1067.1,1047,1064.85,1064.7,3987142,4212155359
28-Dec-16,1067.9,1069.55,1047.1,1051.15,1049.7,2202927,2330463999
29-Dec-16,1050,1068.8,1049.5,1064.05,1065.45,2005206,2123298035
30-Dec-16,1064.8,1085,1063.1,1080.7,1082.4,3591493,3877071530
2-Jan-17,1084,1090,1072.35,1086.7,1085.1,1622458,1763016191
3-Jan-17,1089.85,1097,1081.1,1089,1089.4,1470751,1605682135
4-Jan-17,1092.9,1093,1064.3,1067.15,1067.15,2375547,2547513624
5-Jan-17,1071,1079.9,1068.75,1077,1077.4,1996483,2150451749
6-Jan-17,1074.2,1085,1073.1,1073.95,1074.95,1793427,1934704005
9-Jan-17,1077,1086,1071,1078,1077.7,1195257,1290170893
10-Jan-17,1080,1094.4,1080,1088,1089.85,2594400,2827464834
11-Jan-17,1095,1095.7,1084,1084.8,1086.05,2623211,2852942524
12-Jan-17,1087,1090.35,1079.8,1080.45,1083.3,999364,1083937776
13-Jan-17,1084.55,1097.5,1084.55,1089.95,1090.4,1653669,1805654453
16-Jan-17,1089.95,1093.95,1073.95,1076.7,1076.25,2746005,2961250762
17-Jan-17,1065,1068,1038.5,1040,1041.25,8968290,9409827087
18-Jan-17,1042.6,1048,1028.75,1031.95,1032.55,3627071,3759369531
19-Jan-17,1035.15,1045.3,1031,1032.45,1033.7,3493728,3623411808
20-Jan-17,1033.95,1037.45,1023.9,1025.7,1025.8,2008082,2067168054
23-Jan-17,1021.8,1031,1012.8,1018.4,1015.9,3133533,3194244709
24-Jan-17,1017,1028.8,1017,1027.9,1027.3,2153091,2205027804
25-Jan-17,1032,1032.7,1016.15,1018.05,1017.3,5453230,5562884614
27-Jan-17,1020.25,1028.9,1019,1028.15,1025.1,4997239,5119264082
30-Jan-17,1024.95,1046.45,1024.8,1044.95,1044.8,3583756,3721227069
31-Jan-17,1046.85,1053.8,1040.3,1045,1045.2,3457365,3617029514
1-Feb-17,1046.1,1050.9,1035.2,1050,1049.65,2585798,2701805551
2-Feb-17,1050,1050.8,1038.25,1045.55,1043.5,2079908,2167729582
3-Feb-17,1046,1050.45,1030.1,1033.45,1033.65,3021751,3137286044
6-Feb-17,1037,1044.9,1032.05,1040.7,1041.65,2283982,2371255826
7-Feb-17,1042,1042.35,1027.2,1031.95,1030.9,2264245,2336537922
8-Feb-17,1030.9,1038.25,1022,1022.7,1025.15,3710094,3812874885
9-Feb-17,1028,1034,1026.8,1032.45,1032.75,2254216,2323159365
10-Feb-17,1035,1035.55,1025.55,1030,1030.15,2861531,2949922515
13-Feb-17,1033,1034,1022,1030,1029.85,1957988,2009983985
14-Feb-17,1035,1052.9,1029.9,1048.1,1049.8,4170414,4368108267
15-Feb-17,1052.9,1057.5,1045.25,1050.35,1051.3,3482845,3667220076
16-Feb-17,1052.55,1069.45,1052.55,1065.95,1067.5,4492847,4773923841
17-Feb-17,1066.5,1078.2,1058.45,1070.7,1075.5,3393856,3633367038
20-Feb-17,1070.55,1078.85,1066.5,1075,1075.4,2663127,2861806843
21-Feb-17,1075.2,1090.95,1073.05,1088.1,1088.2,3242790,3517853374
22-Feb-17,1093,1211.65,1092,1209.8,1207.5,29103926,34279184225
23-Feb-17,1213.6,1222,1179.35,1186.8,1182.75,14229234,17023004701
27-Feb-17,1190.5,1256.8,1190.35,1237.55,1238.9,19068911,23683416514
28-Feb-17,1232,1248,1228.5,1237.65,1238.05,8254531,10241229539
1-Mar-17,1240.1,1244.4,1230,1231.55,1234.5,5574153,6902376076
2-Mar-17,1237.9,1254.7,1227.05,1234.95,1236.75,4129033,5124164950
3-Mar-17,1241.55,1287.8,1241.55,1258.6,1258.55,19270851,24456422018
6-Mar-17,1269,1312,1265.25,1308,1305.35,15252154,19803196906
7-Mar-17,1318.85,1327,1296.15,1306.35,1304.95,9616850,12590518108
8-Mar-17,1307.7,1307.7,1286.1,1288.15,1291.2,9906103,12825718918
9-Mar-17,1290,1298,1281.5,1285.4,1286.75,7107670,9150874647
10-Mar-17,1290.25,1296,1261.2,1279.1,1281.65,5665568,7264671760
14-Mar-17,1318.75,1319,1285.25,1288.25,1289.5,6346620,8244794509
15-Mar-17,1291.05,1316.3,1290.4,1302,1304.95,5510658,7201863486
16-Mar-17,1310,1310.4,1293.6,1296.8,1297.65,3639964,4732822404
17-Mar-17,1308,1319.95,1298.05,1300.55,1300.7,5195076,6768124195
20-Mar-17,1306,1306.25,1278.35,1280.95,1280.8,2941714,3788456426
21-Mar-17,1282.2,1283.9,1259.3,1265.2,1263.8,5165107,6560786986
22-Mar-17,1252,1265.9,1246.55,1260.45,1259.7,4638338,5830800371
23-Mar-17,1263.15,1277.55,1258,1272,1273.3,2699090,3426224947
24-Mar-17,1274.1,1292,1268.45,1284,1286.75,3721911,4773078555
27-Mar-17,1270.25,1270.25,1269.25,1269.25,1269.25,948596,1204739009
27-Mar-17,1271.1,1278.75,1247.2,1248.5,1251.1,7418122,9333736052
28-Mar-17,1258,1264,1242.1,1246.3,1245.75,4961934,6200976653
29-Mar-17,1251.7,1260,1233.35,1259.2,1256.65,4325787,5392124743
30-Mar-17,1255,1274.75,1253,1267.6,1270.65,6368859,8075111743
31-Mar-17,1266,1337.65,1266,1320.6,1320.9,10375519,13602917637
3-Apr-17,1342,1380.5,1337.05,1373.25,1374.65,10260327,14014070971
5-Apr-17,1395.2,1418,1380.1,1415.05,1415,9217360,12910386481
6-Apr-17,1409,1448.9,1402.2,1434,1438.5,11571075,16537975353
7-Apr-17,1421.3,1434,1402.55,1405.25,1406.6,7286151,10343188455
10-Apr-17,1410,1424.9,1377.3,1384.75,1381.35,7033141,9825093896
11-Apr-17,1387.85,1400.45,1370.1,1375.7,1372.35,7371727,10194385221
12-Apr-17,1382.8,1386.45,1351.15,1355,1354,6274215,8556264241
13-Apr-17,1354,1373.4,1347.35,1365.8,1364.8,2906188,3969077630
17-Apr-17,1365,1395.55,1365,1391.45,1391.85,2705854,3735039098
18-Apr-17,1399.95,1410,1367,1369,1370.2,3661083,5101601216
19-Apr-17,1369,1382.55,1357.55,1369.95,1368.8,2645292,3620655412
20-Apr-17,1379,1386.8,1364.1,1370.45,1369.55,1918612,2631919172
21-Apr-17,1380.5,1421,1378.55,1405,1402.5,6910277,9705482124
24-Apr-17,1409.05,1435,1400.2,1417.85,1417.4,5831731,8273693518
25-Apr-17,1460,1467.75,1426.1,1431,1432.8,8403704,12125713088
26-Apr-17,1435,1440.05,1402.6,1416.5,1416.45,3831775,5446671309
27-Apr-17,1417,1424.15,1402.2,1409,1409.5,2873655,4047372599
28-Apr-17,1409.75,1420.3,1391,1394.25,1395.2,2708404,3802054530
2-May-17,1402,1402,1366.3,1372,1370.55,4249684,5846767714
3-May-17,1376.9,1380.75,1365,1370.2,1370.1,2171549,2977965401
4-May-17,1375,1379.6,1354.05,1361.6,1357.95,3283811,4480138684
5-May-17,1361.6,1367.35,1325,1328.4,1328.25,3565543,4791006381
8-May-17,1330,1339.5,1318.35,1320.1,1321.4,3672585,4877180992
9-May-17,1324,1333.65,1320.25,1330,1330.35,4824511,6414062773
10-May-17,1334.8,1363.6,1330.65,1359.2,1359.1,5235932,7082604050
11-May-17,1364.1,1369.75,1351.65,1357,1359.55,3150756,4288166983
12-May-17,1360.05,1364,1344.05,1349.9,1350.45,1719729,2324243177
15-May-17,1356.4,1356.4,1333.5,1343.6,1344.1,1540213,2070378803
16-May-17,1346.05,1376.9,1341,1356.2,1356.3,2892947,3936121464
17-May-17,1353,1365.95,1347.75,1350,1353.1,2250304,3047263294
18-May-17,1340.25,1350,1324.1,1327.45,1327.35,2237916,2990177747
19-May-17,1333,1335.7,1310,1318.2,1318.85,2928883,3871939701
22-May-17,1326.5,1333.6,1315.2,1326,1324.15,2011859,2661318293
23-May-17,1325.7,1329.85,1302,1304.55,1305.55,2108223,2769246987
24-May-17,1307.5,1313.7,1295.1,1299,1297.7,3274804,4266122162
25-May-17,1300,1312.4,1296.45,1301.5,1302.45,5925335,7721842990
26-May-17,1303.95,1344.4,1300,1339,1337.3,4898639,6467102969
29-May-17,1337,1365.45,1335.6,1355.25,1356.9,5491170,7428268297
30-May-17,1355.9,1364.7,1348.5,1360,1359.35,2207727,2996431672
31-May-17,1367,1367.95,1335.8,1340,1340.7,3754099,5055552392
1-Jun-17,1332.7,1340,1323,1329.85,1328.25,2179328,2896998252
2-Jun-17,1335,1338.7,1317,1322.9,1324.75,2627565,3484908658
5-Jun-17,1326.25,1341,1315.85,1330,1329.35,2476706,3290662701
6-Jun-17,1333.95,1333.95,1311,1312.5,1312.8,2192356,2894270055
7-Jun-17,1311.2,1342,1309,1339,1339,2559954,3399718610
8-Jun-17,1340,1344.8,1328.05,1333.9,1331.7,1806521,2406881915
9-Jun-17,1345.1,1352.95,1331,1332.95,1335.7,3162802,4241088719
12-Jun-17,1326.55,1329.75,1317,1319,1319.45,1927513,2546372487
13-Jun-17,1320.6,1327,1311,1312,1314.35,1377291,1816467341
14-Jun-17,1315.9,1360,1315.9,1360,1357.5,12101027,16312963495
15-Jun-17,1360,1395,1359.1,1377.35,1383.95,6466804,8921027745
16-Jun-17,1389.1,1395.8,1369.3,1387.1,1388.8,7477157,10354166800
19-Jun-17,1390.2,1415.8,1390.2,1407,1409.25,3482912,4908755460
20-Jun-17,1409,1422.1,1407.45,1411.05,1412.35,2318399,3279484043
21-Jun-17,1407.8,1428,1404.25,1427.75,1422,4569943,6482764628
22-Jun-17,1429.45,1445.4,1427.7,1434.8,1432.65,5055942,7271102905
23-Jun-17,1436,1442,1430.6,1432.1,1435.85,7118832,10234862867
27-Jun-17,1432,1443,1425,1439.05,1437.15,7449878,10680534186
28-Jun-17,1439.95,1439.95,1395.55,1399.8,1398.5,3558538,5012497440
29-Jun-17,1400,1410,1390.1,1392.35,1392.7,2948322,4120928819
30-Jun-17,1392,1392.4,1375.05,1383,1380,1786211,2467964901
3-Jul-17,1388.2,1394.7,1371,1384,1381.05,2101886,2904674175
4-Jul-17,1390,1427.1,1389,1422,1421.95,4301200,6071002327
5-Jul-17,1429.45,1447.45,1424,1440.05,1442.65,6219522,8960156338
6-Jul-17,1448.7,1450,1438,1442,1442.55,3106517,4486436977
7-Jul-17,1443,1497.75,1440,1489.5,1491.15,8193635,12024672967
10-Jul-17,1530,1550,1489.1,1491,1492.85,815433,1219206576
11-Jul-17,1501,1504.4,1487,1496.5,1494.35,4799229,7175215647
12-Jul-17,1499.4,1525,1497.5,1511.25,1511.1,3909797,5912789615
13-Jul-17,1508.75,1525,1506.15,1518.6,1522.1,5259759,7975613062
14-Jul-17,1520,1536,1515.55,1533,1533.75,4693011,7169211717
17-Jul-17,1537,1559.6,1537,1548.7,1551.75,4285809,6646109252
18-Jul-17,1546.8,1551.8,1511,1520.5,1519.9,4489412,6853087595
19-Jul-17,1512.6,1538,1512.6,1538,1532.95,2695041,4116718439
20-Jul-17,1539.75,1550,1523.7,1526.1,1528.9,3114686,4782481317
21-Jul-17,1550,1591.7,1544.95,1584,1585,22205112,34908155069
24-Jul-17,1600,1624.9,1585,1619,1615.25,9927229,16018796812
25-Jul-17,1624.7,1624.95,1597.6,1602.5,1602.15,4586079,7384713585
26-Jul-17,1604.2,1629.9,1601.1,1621.15,1622.75,5018389,8133382696
27-Jul-17,1628,1631.5,1588.35,1592.8,1594.8,4208071,6770133069
28-Jul-17,1591.25,1605.95,1578,1594,1594.45,3276023,5216321536
31-Jul-17,1601.95,1618.8,1596,1615.45,1615.2,3787034,6098027727
1-Aug-17,1622.75,1622.75,1591.5,1605.8,1603.6,2814298,4516958842
2-Aug-17,1610,1635.7,1608.1,1625.1,1629.2,4751385,7717586946
3-Aug-17,1626.85,1664.9,1617.05,1654,1650.1,4504776,7412507561
4-Aug-17,1663,1663,1615.1,1626.5,1622.15,4247045,6905703756
7-Aug-17,1631.6,1631.6,1612.55,1618,1616.35,2180018,3533598682
8-Aug-17,1618,1621.05,1586.8,1604.6,1602.55,2505568,4022476841
9-Aug-17,1601.5,1620,1585,1595,1598.8,2385643,3830853343
10-Aug-17,1593.05,1606.65,1577.95,1593.75,1584.35,2328843,3704143392
11-Aug-17,1550.95,1580,1533,1545.5,1546.25,3885064,6053534862
14-Aug-17,1561,1584.5,1561,1572.2,1573.05,3072299,4833153047
16-Aug-17,1572,1576,1550.2,1576,1566.1,3103394,4847251821
17-Aug-17,1569,1597.65,1561.15,1563,1567.1,3618179,5716789490
18-Aug-17,1564,1577.8,1553.15,1576.25,1575.4,1814011,2846062732
21-Aug-17,1577,1584.15,1560.25,1564.3,1564.4,1731188,2719841501
22-Aug-17,1572,1579.9,1556.05,1560.1,1560.05,2179230,3418790348
23-Aug-17,1564.85,1586.55,1553.15,1582.55,1582.05,1901824,2981782351
24-Aug-17,1590,1593.1,1564.5,1570,1568.05,2892571,4558488606
28-Aug-17,1579.05,1581.95,1561.2,1564.75,1566.55,2815328,4414602361
29-Aug-17,1561.85,1567.5,1530,1532.05,1532.15,3466421,5350330120
30-Aug-17,1547.55,1568.8,1541.25,1563.5,1564.1,2362387,3681230671
31-Aug-17,1575,1597.45,1574,1595.4,1594.5,5738495,9108681150
1-Sep-17,1599.85,1616.6,1599,1611.95,1610.1,3527477,5675773297
4-Sep-17,1615.5,1636.15,1595.85,1615,1613.35,4928375,7967844929
5-Sep-17,1630,1634.85,1621.05,1632.15,1632.6,5764131,9395875386
6-Sep-17,1626.4,1652.5,1622.8,1644,1645.4,11142512,18339508180
7-Sep-17,823,832.5,815,816.6,818.1,7408536,6093238362
8-Sep-17,820,823.25,812.1,816.95,816.9,6056729,4950161480
11-Sep-17,821.3,826.85,816.55,819.5,817.9,5801712,4772966391
12-Sep-17,822.75,825,817,824.5,823.75,2971669,2441997855
13-Sep-17,824,859.9,822,853.4,849,13430225,11375039392
14-Sep-17,855.8,861.5,842,844.2,843.85,5425486,4613369237
15-Sep-17,842,852.85,834.75,842,841.8,13072853,11007221826
18-Sep-17,850,851.05,843.1,845.2,845.55,2314174,1960493731
19-Sep-17,848.7,848.75,837,839,838.6,3528729,2963055860
20-Sep-17,856.1,872.5,845.1,848,847.15,11402965,9759876154
21-Sep-17,847,851.7,836.25,842.95,841.35,5920552,4983709462
22-Sep-17,839.9,839.9,813.2,816.95,817.4,5620443,4635015514
25-Sep-17,815,827.95,805.2,821,821.55,6505309,5321937993
26-Sep-17,821.7,827.05,812.2,819.2,820.1,4829571,3956299338
27-Sep-17,825.6,825.7,795.5,798.4,799.15,8434196,6796763903
28-Sep-17,799.65,802.9,780.2,786.25,786.45,13508179,10666240867
29-Sep-17,791.75,793.4,779.1,781.2,780.9,7619230,5984977307
3-Oct-17,795,803.85,785.35,799,798.35,8387059,6691289331
4-Oct-17,799.2,824.95,795.6,824,818.85,8643924,7016116516
5-Oct-17,825,828.45,818.65,824,824.15,4860479,4001818827
6-Oct-17,824,839.35,822.6,838.2,837.05,5942106,4946321213
9-Oct-17,839,839.8,828,829.25,830.65,4046109,3367411681
10-Oct-17,831,847.3,831,842.25,843.2,6734986,5672427724
11-Oct-17,845.3,858.4,836,839,840.15,7049800,5984845576
12-Oct-17,842.1,876.8,842.1,875.6,872.75,8522926,7329142509
13-Oct-17,879.3,890.7,873.35,877.35,876.45,9833512,8657585192
16-Oct-17,879,892,861.3,877.5,876.8,14633539,12835077762
17-Oct-17,878,884,867.2,874.8,874.35,6354084,5558696928
18-Oct-17,877.4,917.9,875,916.4,914.5,16765178,15123276190
19-Oct-17,915.8,921.9,903,904,909.9,3664082,3352403287
23-Oct-17,912.9,944.7,909.1,940.1,939.75,12551649,11677979383
24-Oct-17,947.7,947.7,928.2,936.2,934.25,6335308,5934642216
25-Oct-17,940.1,945.9,929.5,939.3,939.9,4577050,4291419530
26-Oct-17,940,957.8,931,945.3,947.4,7698704,7264042925
27-Oct-17,950,956.7,925.7,930.95,929.85,5256749,4921139448
30-Oct-17,934,945.55,930.6,945.35,942.5,3576533,3359929915
31-Oct-17,944.95,945.75,932.2,944.05,940.85,4345360,4077373480
1-Nov-17,947.75,957.8,945.75,952.35,952.55,8033040,7650355597
2-Nov-17,952.8,956.5,944.25,946.8,946.6,4698609,4466520209
3-Nov-17,955.95,955.95,940.15,945.95,945.3,2193730,2073948027
6-Nov-17,942.5,942.5,929,931.35,932.5,4460799,4172898902
7-Nov-17,933.35,935,903.05,906.5,906.7,9347943,8511592121
8-Nov-17,902.5,906,884.1,889.5,887.8,8115980,7238759485
9-Nov-17,894.75,909.9,892.05,902.9,900.5,6860798,6188162918
10-Nov-17,900.95,900.95,879.2,884.9,883.85,6365174,5644664493
13-Nov-17,885,891.9,873.5,874.9,875.25,4155011,3652510603
14-Nov-17,875,895,873,887.5,886.7,5706105,5055092471
15-Nov-17,884.5,890.6,877.95,883.25,883.7,6981872,6175039788
16-Nov-17,885.5,906,885.5,905.25,903.85,6931038,6238352388
17-Nov-17,918.95,924.9,908.5,913,911.9,5586242,5118671948
20-Nov-17,906.2,924.35,905,919,920.85,4220192,3868228235
21-Nov-17,926.8,939.65,925.5,932.05,932.55,5980763,5587246391
22-Nov-17,937.45,938.65,923.45,934.1,930.75,5055490,4702768893
23-Nov-17,931,949.9,926.65,949.7,947,7329126,6891873715
24-Nov-17,950,959.5,947.4,951.25,951.1,6394443,6091020187
27-Nov-17,947.25,957.5,944,952.5,951.35,4680074,4444266974
28-Nov-17,949.85,951.35,938.1,942.4,943.35,4641893,4382634300
29-Nov-17,941.85,950,941,943.45,946,3674864,3479372053
30-Nov-17,941.45,941.45,919.5,922.5,921.55,9434893,8733894422
1-Dec-17,924.45,931.25,907.7,909.5,910.1,5081389,4665846806
4-Dec-17,913.5,913.8,897.35,902.6,901.6,4618847,4170229646
5-Dec-17,901.05,920.75,895.45,914.3,913.7,8369174,7631456011
6-Dec-17,910,930.3,908.8,929,926.65,11007689,10161404380
7-Dec-17,930.05,936,923,932.45,931.55,5529565,5135253669
8-Dec-17,933.85,936.95,919.05,921.3,921,5588486,5172651632
11-Dec-17,922.45,926,913.55,916.5,916.15,4933853,4527638393
12-Dec-17,915.95,929,908,917.75,915.6,7215014,6643269136
13-Dec-17,916.9,924.95,910.7,914.75,914.65,4182097,3843490644
14-Dec-17,919,924.9,908.75,924,921.5,5021130,4598789868
15-Dec-17,931,932.95,917.7,921,919.75,11158706,10295851305
18-Dec-17,911.95,932.65,862.65,922.45,921,8494801,7783599546
19-Dec-17,923.6,927,920,926.85,925.95,4064982,3757097202
20-Dec-17,925.9,927.4,917,918.75,918.15,4774414,4395253600
21-Dec-17,918.45,923.95,910,913,912.95,4147162,3804108015
22-Dec-17,914.65,922.4,909.3,919.8,920.4,4872675,4472795835
26-Dec-17,924.85,938.9,918.15,936,929.8,5301456,4904644711
27-Dec-17,933,937.5,919,923.25,923.75,4352384,4048927002
28-Dec-17,925.25,934.4,919.1,922.6,924.2,7091515,6558467599
29-Dec-17,926.5,932.3,918.5,920.1,921.05,5069838,4685185007
1-Jan-18,922.7,922.7,907.5,909.5,909.75,4321686,3947568944
2-Jan-18,913,919.55,906.4,911.5,911.15,4342815,3964649170
3-Jan-18,925,926,913.05,915.5,914.8,6175312,5681898483
4-Jan-18,918.15,921.8,915.7,920.5,920.3,4118581,3785310187
5-Jan-18,921.8,926.9,920.25,923,923.25,3401905,3140379429
8-Jan-18,926.1,931,923.5,926.6,928.55,4035417,3742538282
9-Jan-18,928.15,943.9,924,940,940.95,6534997,6133531768
10-Jan-18,943,947.4,935.5,941.5,942.35,5361502,5051241312
11-Jan-18,941.8,942.65,935,936.9,937.75,3588727,3372263779
12-Jan-18,943,952.8,938.25,946.6,949,6890028,6523589663
15-Jan-18,950,958.5,945.2,947.6,949.15,5084113,4842989337
16-Jan-18,947.7,947.7,920,923.8,922.95,4948895,4606622461
17-Jan-18,926,929,907,924.1,924.5,6036432,5562354162
18-Jan-18,929,929.6,915.1,922,919.7,4289053,3955927032
19-Jan-18,923,934.4,922.1,934.2,931.3,4559564,4233444944
22-Jan-18,948,974.3,940,970.2,971.5,20892838,20053133154
23-Jan-18,975,990.95,975,982.05,983.25,10298500,10140509292
24-Jan-18,981.75,981.75,962.65,967.95,966.35,6532672,6324642038
25-Jan-18,967.9,972,956.15,963.95,965.9,6249419,6024404785
29-Jan-18,966.2,977.3,959.3,963.7,964.5,4524605,4382895108
30-Jan-18,965.8,965.8,949,950,950.4,4198139,4015232068
31-Jan-18,950,964.5,941.55,962,961.3,5738209,5501909579
1-Feb-18,963.25,972.6,936.6,945,943.85,7554587,7215260532
2-Feb-18,935,943.95,901,901.9,904.35,13242095,12149575193
5-Feb-18,894,912.5,881.8,907,902.15,8773525,7913964633
6-Feb-18,877,898,871,893.4,892.1,11000567,9726627414
7-Feb-18,902.55,905.4,890,892.45,894.4,7100838,6373167727
8-Feb-18,897.9,910.65,892.35,906.2,904.55,6320734,5708726206
9-Feb-18,889,902,886,899.95,897.85,5294279,4743532840
12-Feb-18,903,918.2,902.05,914,915.5,5429792,4942032259
14-Feb-18,923,942.5,921,929,933.65,10170959,9468181695
15-Feb-18,937.65,945.75,928.15,936.1,935.65,6109454,5731058556
16-Feb-18,939.6,942.6,918.1,920.45,921.3,4401672,4094973055
19-Feb-18,921,932,913.55,928.3,927,4087936,3770665441
20-Feb-18,929,929.55,918.8,919.9,921.1,3866919,3569595828
21-Feb-18,930,932.5,922.15,929,929.35,5448230,5051677024
22-Feb-18,922,931,920,921,924.35,5118850,4734779151
23-Feb-18,925.4,938,922.75,934,934.25,4850839,4519877657
26-Feb-18,939,944.9,936.6,938.75,938.7,3856478,3630113759
27-Feb-18,939,955.8,938.35,951.5,950.5,6410097,6083477042
28-Feb-18,945.95,957.1,943.2,951,954.55,25898694,24689973325
1-Mar-18,949.75,959.9,945.95,948.05,948.4,4094652,3895948304
5-Mar-18,943,950.15,921.6,922.65,924.1,5634893,5253681530
6-Mar-18,929,936.2,905.1,908.65,910.85,7323680,6785121099
7-Mar-18,909.25,909.25,888.05,892.4,889.75,7247708,6508943483
8-Mar-18,897.65,914.5,893.3,911,911.45,6072983,5489882190
9-Mar-18,914.9,919.35,911.05,915,913.1,4863577,4448821265
12-Mar-18,920,933.1,917.55,931.95,930.3,3801407,3512520944
13-Mar-18,931.9,936,921.35,934,931.85,5096825,4737580484
14-Mar-18,928.8,932.05,919.2,931.55,929.05,6731530,6214195309
15-Mar-18,925,929.45,910,911,911.8,5811424,5337047119
16-Mar-18,909,909.7,886.05,904,900.05,14087564,12662129928
19-Mar-18,901,906.9,892,895,895.5,5774392,5185519992
20-Mar-18,893.3,904,887.05,892,889.8,6945721,6216141684
21-Mar-18,894.85,902.35,893.3,896,896.9,6727261,6036186652
22-Mar-18,896,911.95,895.75,908.9,908.15,10116965,9183446074
23-Mar-18,890.6,900,889.1,892.5,893.9,10729694,9601998761
26-Mar-18,893.95,904.3,892.5,901.5,901.1,6047262,5434879313
27-Mar-18,907.2,910.75,897,898.3,899.8,6939577,6269986775
28-Mar-18,895.8,895.85,880,881.6,882.7,8759586,7766716375
2-Apr-18,893,900.95,886.5,892.95,892.95,5712065,5108762641
3-Apr-18,891,901.7,885.25,901,899.55,6364728,5675268232
4-Apr-18,904.7,911.8,892.05,893.25,894.9,6498407,5858765070
5-Apr-18,905.1,910,903.5,908,908.2,3898676,3537659970
6-Apr-18,908,918.5,905,911.95,911,4418462,4033221156
9-Apr-18,912.55,919,912.55,915,916,3572251,3272222860
10-Apr-18,918.4,923.9,914.15,915.5,917.05,3865402,3552772955
11-Apr-18,921.8,932.75,916.05,931.75,930.85,6007539,5574246154
12-Apr-18,929.85,936.65,924.2,927.1,928.7,4947725,4598362820
13-Apr-18,932.7,941.7,928.7,939.85,938.85,5767984,5404908210
16-Apr-18,934.45,940,928.5,938.1,937.05,4084450,3809041574
17-Apr-18,940,947.2,936,945,944.25,4388713,4135607266
18-Apr-18,945.25,948.2,935.05,937.7,938,3365196,3167484001
19-Apr-18,939.1,945,935,942,942.3,4481413,4218134286
20-Apr-18,938,941.85,921.2,930,927.9,3349519,3109071704
23-Apr-18,930,944.35,928.5,935,936,3508515,3284954149
24-Apr-18,935.8,975.7,935,971.6,970.05,9107264,8741718169
25-Apr-18,973.65,981.8,963.55,972,970.5,6436620,6249960891
26-Apr-18,973,988,962.25,973.15,975.35,15588001,15231697346
27-Apr-18,989.8,1011,985.5,996.5,996.3,11666267,11665872661
30-Apr-18,982,992.6,960,963.5,963.3,8871802,8600270171
2-May-18,967,979.2,965.05,974.8,972.7,6117761,5954655105
3-May-18,977.9,977.9,959.25,962,961.6,3947546,3806512719
4-May-18,962.85,964.7,950,953.6,953.95,3795692,3623686170
7-May-18,958.85,973.25,956.35,971.9,971,3512532,3385450726
8-May-18,977.5,982,965.2,966,967.1,4934036,4797914834
9-May-18,965.9,984.3,962.25,976.2,976.7,4494423,4375739607
10-May-18,980,984.6,974.25,979.15,981.15,4014645,3937024260
11-May-18,981.25,991.3,977.75,986,989.25,4011516,3958724055
14-May-18,991.95,991.95,976.7,984.95,986.6,2579561,2538890944
15-May-18,983.05,1000,976.65,978.55,978.95,4800923,4746908410
16-May-18,974,974,952.45,954.4,956.15,8613363,8290313023
17-May-18,959.35,960,941.5,944,945.35,4733477,4495273470
18-May-18,945.6,953.5,932,934.5,933.85,5230037,4922041685
21-May-18,930.75,935.7,922.1,934.8,931.35,6624893,6141603388
22-May-18,933.15,934,925,927.1,926.75,5170585,4809925289
23-May-18,926,926,909.15,913.8,912.25,4567562,4190710347
24-May-18,914,921,910.15,917.95,915.85,5317983,4873723841
25-May-18,916,923.4,914.45,922,920.8,8129520,7481573041
28-May-18,924.9,927,918.1,919.95,920.4,5197835,4793495121
29-May-18,921.5,928,914.4,916.9,917.45,8173396,7522151497
30-May-18,914.85,923.2,906.6,915.8,916.1,5991222,5486773045
31-May-18,921,922.3,914.55,920.3,921.35,16951801,15613865590
1-Jun-18,920,935.75,918.45,928.6,930.55,8765835,8125389216
4-Jun-18,933.4,944,930.55,941.5,940.85,5600357,5262829395
5-Jun-18,942.8,955,941,948.9,947.65,7971524,7568655588
6-Jun-18,947,956,942.65,954,954.4,4189483,3988423353
7-Jun-18,954.9,976,954.45,970.85,971.35,6857300,6646752363
8-Jun-18,966.35,986.55,960.6,983.1,984.35,6532599,6366671932
11-Jun-18,987.1,999.95,979.05,980.05,982.65,6866053,6806007440
12-Jun-18,983.4,1000,980.3,999.4,997.15,7445221,7379266303
13-Jun-18,1000,1005.9,989.5,1002.5,1002.5,5926020,5921557586
14-Jun-18,997.45,1011.8,987.4,1007,1007.95,5484867,5491573757
15-Jun-18,1006,1023.5,999.25,1012.45,1014.2,11294702,11469522694
18-Jun-18,1008.8,1020.45,1007,1014.1,1015.55,5652374,5737016772
19-Jun-18,1013.9,1014.8,993.65,995.6,996.05,6346101,6363262362
20-Jun-18,996,1022.9,994.85,1019.2,1019.25,7193824,7306438843
21-Jun-18,1023.45,1036,1021.3,1031.6,1031.95,10509756,10830925855
22-Jun-18,1028.4,1029.2,1008.45,1011.65,1012.5,16169978,16406133080
25-Jun-18,1011.4,1016.5,1002.3,1005,1004.45,5197694,5252204246
26-Jun-18,1006,1006,975.25,978.3,978.95,8068585,7961465287
27-Jun-18,978.5,985.4,962.7,963.7,965.85,8958555,8724005246
28-Jun-18,962,968.5,940.3,948,944.95,8581234,8175043919
29-Jun-18,949.1,975.5,949,973.2,972.45,7966401,7707335240
2-Jul-18,972.35,972.35,957,960.05,960.6,6660916,6408701995
3-Jul-18,965,978.45,960.35,972.2,971.3,5067261,4925883688
4-Jul-18,971.8,992,971,991,990.1,5000724,4915326240
5-Jul-18,997,1008.4,958.6,964.65,964.5,18719353,18499398246
6-Jul-18,964.75,983,964.5,977.5,977.55,9161266,8958074813
9-Jul-18,987.1,1000,983.5,996,997.1,5170189,5128442011
10-Jul-18,1002.75,1028.5,1000,1027.5,1025.7,10444513,10641500107
11-Jul-18,1025,1040.9,1017.85,1040,1038.8,8665072,8932367750
12-Jul-18,1044.35,1099,1042.6,1080.9,1082.35,24109297,26045070533
13-Jul-18,1080.5,1109,1080,1101,1099.8,17967282,19740145320
16-Jul-18,1099.8,1108.9,1073.05,1078.65,1076.2,6595781,7139494129
17-Jul-18,1078.3,1095.95,1069.6,1094,1092.35,6469256,7020568951
18-Jul-18,1098.4,1104.6,1077.3,1093.3,1092.55,4682099,5111167211
19-Jul-18,1093.3,1115,1086.35,1114.35,1104.85,5433617,5968998931
20-Jul-18,1113.4,1138.5,1111.9,1127.65,1128.65,8018150,9023164649
23-Jul-18,1129.8,1129.8,1113.1,1120.5,1120.3,5842496,6539660893
24-Jul-18,1122,1126.75,1107.4,1111,1110.95,4469144,4985132840
25-Jul-18,1110,1123,1104.2,1112.65,1115.15,5949680,6641092565
26-Jul-18,1110.1,1121.5,1107.8,1112.1,1110.65,6424867,7156685848
27-Jul-18,1119.5,1137.4,1112.15,1128,1129.85,6679468,7530602219
30-Jul-18,1130,1157.3,1128,1152,1151.4,13872467,15861210912
31-Jul-18,1151,1190.4,1147.15,1184.15,1186,13875377,16259510329
1-Aug-18,1190.4,1202.9,1185.4,1188.7,1192.35,9704295,11582816350
2-Aug-18,1191.5,1191.5,1165.95,1169.1,1168.35,6248975,7337117555
3-Aug-18,1175,1183.5,1169.55,1175.4,1176.95,6645397,7814873536
6-Aug-18,1176.7,1196,1175.35,1194.45,1192.6,4016418,4774942205
7-Aug-18,1194.9,1201.4,1177,1184.7,1184.2,4059460,4815955315
8-Aug-18,1185,1222.5,1185,1220.8,1217.7,7912437,9532113812
9-Aug-18,1221.5,1231.7,1212,1218.5,1217.95,6846928,8362923499
10-Aug-18,1211,1215,1202.3,1204,1204.2,3581210,4326050846
13-Aug-18,1197.55,1199.95,1182.7,1189.5,1187.7,4668159,5563673323
14-Aug-18,1190,1217.2,1184.3,1211.9,1210.6,5299536,6376786745
16-Aug-18,1203.25,1216,1195.5,1200,1200.8,5982490,7207048818
17-Aug-18,1209,1215.4,1200.05,1202.65,1203.75,3830992,4631245214
20-Aug-18,1207.9,1236.8,1207.65,1235.15,1234.9,7607036,9337924806
21-Aug-18,1237.25,1251.5,1227,1246.7,1247.2,7279641,9057941732
23-Aug-18,1246.3,1274,1238.4,1266.9,1269.45,7968123,10032803693
24-Aug-18,1265.25,1279.95,1260.05,1277,1277.5,6652005,8459873415
27-Aug-18,1279.4,1295.85,1278.75,1292,1291.5,5572177,7189818654
28-Aug-18,1296,1323,1295,1322.5,1319,8694751,11401552158
29-Aug-18,1316.3,1329,1290.2,1293.9,1294.2,11077203,14511006064
30-Aug-18,1293.6,1297.15,1270.45,1277,1274.45,9850042,12593407357
31-Aug-18,1270,1270,1236.6,1238.95,1241.65,15305857,19088657884
3-Sep-18,1245,1257.9,1226.05,1228.1,1229.15,12200022,15145106276
4-Sep-18,1235.15,1254.8,1229,1245.3,1241.95,8838770,10972780661
5-Sep-18,1242.5,1252.65,1208.5,1226,1227,10324923,12700281573
6-Sep-18,1230.15,1265.7,1225.35,1261,1261.4,11195043,13937952450
7-Sep-18,1264.9,1281.35,1254.5,1277.05,1278.6,10692787,13601744826
10-Sep-18,1275,1277,1250.1,1254.4,1255.85,7059008,8919156488
11-Sep-18,1259,1268.4,1234.25,1236.5,1237.7,10874768,13575108097
12-Sep-18,1251.8,1258.7,1228.85,1251.1,1252.5,8065553,10030498343
14-Sep-18,1259.4,1275.6,1247.65,1252.55,1253.15,7878583,9914404021
17-Sep-18,1250.75,1250.75,1221.6,1224,1225.9,6754086,8325041898
18-Sep-18,1226,1239.4,1214.35,1215.4,1217.15,7616412,9356664028
19-Sep-18,1224,1224,1201,1212.95,1210.75,11265786,13683609850
21-Sep-18,1219,1237.4,1183.5,1216.2,1217.5,19070172,23328775723
24-Sep-18,1214.45,1239.9,1204.5,1234.55,1232.05,10102589,12378019783
25-Sep-18,1235.5,1245,1195,1229.75,1230.6,9715020,11917120826
26-Sep-18,1239,1253.95,1227.15,1253.5,1251.4,6396828,7926846393
27-Sep-18,1255,1263,1237.5,1252.05,1253.75,10808749,13539185467
28-Sep-18,1259.9,1271.7,1247.3,1254.35,1257.95,11073023,13951369741
1-Oct-18,1257.7,1257.7,1204,1235.6,1231.7,7332693,9031562081
3-Oct-18,1229.5,1239.6,1200.05,1201.2,1205.1,7376575,8984957811
4-Oct-18,1189.5,1190.4,1106,1108.5,1122.25,23212443,26471556957
5-Oct-18,1099.5,1115.3,1038.15,1049,1048.85,21943190,23681863862
8-Oct-18,1050,1117,1025.55,1110,1109.4,24679428,26704181032
9-Oct-18,1121.65,1123.3,1081.2,1083,1090.05,10991196,12147885882
10-Oct-18,1093.9,1115.85,1084.3,1103,1102.1,9502176,10467314926
11-Oct-18,1064,1114.75,1043,1090,1087.8,13224172,14362719399
12-Oct-18,1104.95,1129,1101.9,1125.5,1126.55,9058536,10158064313
15-Oct-18,1129.9,1146.9,1118.15,1137.75,1139.75,8871776,10086128972
16-Oct-18,1146,1167.4,1140,1166,1163.8,7478601,8632001461
17-Oct-18,1179,1179.35,1140,1151,1151.3,12785646,14914670103
19-Oct-18,1100,1111,1070.25,1100.3,1101.3,25421229,27761323831
22-Oct-18,1110,1114.8,1057.35,1063.2,1062.65,13165542,14275380337
23-Oct-18,1052.75,1064.7,1043.65,1061.7,1054.7,10573730,11137009298
24-Oct-18,1074.9,1075.95,1031.4,1049,1045.75,13655337,14342542137
25-Oct-18,1036,1040.65,1016.4,1037.8,1030.8,14096237,14508429668
26-Oct-18,1032.9,1057,1022,1042.45,1044.9,9182613,9577513897
29-Oct-18,1046,1093.85,1046,1089,1087.8,7671807,8205700905
30-Oct-18,1085.5,1085.5,1052.1,1056.9,1057,8806701,9381128112
31-Oct-18,1059,1065.85,1047,1058.2,1061.25,16457691,17437021868
1-Nov-18,1067.9,1067.9,1050,1055,1056.25,9396027,9950642966
2-Nov-18,1067,1081,1063.15,1074,1074.9,16796200,18010596483
5-Nov-18,1073.45,1092.7,1065,1092,1090.3,7582518,8202916185
6-Nov-18,1094,1112,1091.6,1101.75,1104.1,8634266,9534243973
7-Nov-18,1115,1115,1106.7,1111.4,1110.7,1283997,1425914094
9-Nov-18,1106.25,1113.8,1085,1093,1093.45,10840462,11944916795
12-Nov-18,1097.7,1098.8,1074.55,1076,1080,5801720,6297872542
13-Nov-18,1074,1103,1070.05,1097.85,1099.45,6811598,7425368614
14-Nov-18,1105.05,1112.65,1085.5,1099,1097.95,7787530,8553487246
15-Nov-18,1096.95,1103,1086.5,1094.7,1096.85,6831740,7481565459
16-Nov-18,1097.95,1129.95,1097.1,1125,1127.4,11031889,12373982316
19-Nov-18,1132.9,1151.7,1131,1149.65,1150,7308981,8353119946
20-Nov-18,1145,1155.9,1130,1137,1137.4,5719901,6538904427
21-Nov-18,1137.5,1145.5,1107.05,1113.25,1112.9,7507812,8384776646
22-Nov-18,1114.5,1125.35,1100.1,1100.1,1102.85,5792568,6449393379
26-Nov-18,1109,1117.5,1097.4,1109.75,1109.75,6386556,7074414782
27-Nov-18,1107.9,1130,1105.45,1128.6,1128.2,6810228,7640955121
28-Nov-18,1132.45,1157.75,1126.3,1151.45,1152.65,8003964,9156579875
29-Nov-18,1161,1179.9,1160,1167.8,1168.5,12636169,14793418726
30-Nov-18,1172.3,1186,1162.3,1167.1,1167.55,10717448,12554963387
3-Dec-18,1174.9,1174.9,1148.5,1158,1156.45,5569578,6453718882
4-Dec-18,1158,1158,1142.2,1153.1,1152.3,5192825,5970662018
5-Dec-18,1143.75,1158.8,1139.3,1158.15,1155.15,5819618,6694600610
6-Dec-18,1149,1149,1118.25,1119.05,1123.65,5866108,6664920879
7-Dec-18,1129.45,1136.95,1108.35,1133.2,1133.8,7214078,8111464827
10-Dec-18,1110,1114.3,1083.1,1085,1090.25,9381544,10236937615
11-Dec-18,1066,1102.1,1055,1098,1097.55,13494665,14572281033
12-Dec-18,1099,1113.5,1087.75,1110.9,1110.5,12605431,13859813727
13-Dec-18,1128,1128,1095.05,1105.75,1107.05,9297518,10328317507
14-Dec-18,1103.1,1114.9,1091.8,1110,1112.2,7221324,7994694822
17-Dec-18,1115.95,1133,1111.5,1131.65,1129.9,5064357,5697537141
18-Dec-18,1123.3,1139,1120.5,1137.75,1136.4,5870928,6632265674
19-Dec-18,1141.5,1147.3,1133.2,1134.85,1136.8,7368799,8412459475
20-Dec-18,1121,1132.5,1116.15,1129.9,1128.45,5764731,6485603201
21-Dec-18,1125,1131.25,1096,1098,1100.2,8281941,9188808281
24-Dec-18,1100.9,1103.2,1086.55,1089.3,1089.15,4144535,4534256814
26-Dec-18,1085.8,1100,1065.65,1099.7,1098.35,7210059,7797694484
27-Dec-18,1107.2,1127,1104,1118.1,1120.2,12478000,13971553903
28-Dec-18,1125.5,1135.25,1121.2,1125.65,1125.55,7666016,8661012961
31-Dec-18,1130.95,1133.85,1116.2,1125.25,1121.25,7222817,8106063425
1-Jan-19,1125.25,1127.3,1110.1,1120.5,1121,4455850,4986129073
2-Jan-19,1114.5,1127,1101,1104.35,1106.4,7144970,7955342410
3-Jan-19,1107.5,1114.6,1090.1,1090.3,1092.75,7446457,8201291658
4-Jan-19,1097.4,1104.45,1081.1,1099.6,1098.65,8465141,9252946937
7-Jan-19,1107,1118.45,1101,1104.9,1104.75,5513559,6121831037
8-Jan-19,1105.1,1109.95,1096,1101,1104.65,5625153,6209150563
9-Jan-19,1112,1117,1098.7,1109.25,1110.75,5766805,6404322207
10-Jan-19,1107.75,1111,1103,1107.6,1107.5,4080283,4514020687
11-Jan-19,1107.6,1113.8,1088.6,1095.5,1098.05,6463903,7105842454
14-Jan-19,1095,1100.5,1086.4,1099,1096.8,4111782,4496426169
15-Jan-19,1105,1132,1105,1130.95,1129.65,10062875,11318469360
16-Jan-19,1135,1145,1130.35,1136.5,1135.9,6382777,7270322619
17-Jan-19,1144.45,1147.9,1130,1133,1134.45,7487963,8531072687
18-Jan-19,1148.8,1189.9,1135.25,1185.8,1184.35,25684142,29870001779
21-Jan-19,1194,1239.95,1188.65,1235,1237.7,22038534,26948045198
22-Jan-19,1232.85,1246.95,1219.6,1232,1235.15,16552819,20426529562
23-Jan-19,1233.3,1244.2,1222,1224.45,1226.3,8829502,10893762274
24-Jan-19,1225,1253.2,1220.1,1249,1247.45,13155185,16318007440
25-Jan-19,1250.45,1264.7,1235.4,1247.1,1246,8550836,10718047747
28-Jan-19,1250.5,1255.95,1222.4,1230.5,1229.55,8569265,10602958029
29-Jan-19,1231,1231.65,1201.35,1214.9,1210.65,9328866,11314352060
30-Jan-19,1215,1225,1191.1,1195.75,1195.7,7846940,9479601531
31-Jan-19,1202,1229.7,1201,1225.2,1227.15,10185347,12430723963
1-Feb-19,1234,1255,1227.05,1253.1,1249.95,9228965,11450198242
4-Feb-19,1247,1296.95,1242.05,1289.5,1290.9,11670570,14816488322
5-Feb-19,1292,1304.4,1278.6,1288,1291.55,9362406,12096749451
6-Feb-19,1296.25,1317.65,1294.25,1310.55,1310.25,9411585,12322866455
7-Feb-19,1310.25,1321.2,1286.1,1288,1290.4,9212227,11996039371
8-Feb-19,1284.8,1300.5,1272.25,1277.8,1277.7,6505502,8346364103
11-Feb-19,1275.9,1276,1251,1254.5,1253.25,7523999,9475609078
12-Feb-19,1251.5,1272.35,1251.5,1255.5,1256.4,6399485,8074847916
13-Feb-19,1261,1273.95,1235.75,1238.3,1245.95,6964042,8767311289
14-Feb-19,1241,1241,1218,1229.1,1224.2,6627360,8131900744
15-Feb-19,1229.75,1249.9,1214,1248.1,1244.45,9597961,11792253866
18-Feb-19,1250,1252.5,1215,1215.65,1220.1,9649017,11835163808
19-Feb-19,1218,1239.7,1211.2,1215.6,1216.1,6244189,7670926659
20-Feb-19,1223.85,1240,1219,1235.55,1234.35,6298179,7736005977
21-Feb-19,1236,1257.8,1229.35,1247.3,1246.9,10580178,13188332137
22-Feb-19,1244.6,1245.3,1226,1231.7,1232.35,8755865,10803986768
25-Feb-19,1236,1243,1220.65,1231.3,1232.3,7852528,9676593047
26-Feb-19,1209.5,1234.8,1206,1220.2,1220.25,10131050,12372287570
27-Feb-19,1228.05,1244.9,1209,1220.65,1223.5,11113182,13637250489
28-Feb-19,1233.75,1239.85,1226.55,1232,1231.05,11286916,13917567837
1-Mar-19,1237,1242.35,1222.25,1225,1226.05,7922513,9737413570
5-Mar-19,1223.4,1239.8,1218.6,1237.45,1237.65,7121509,8752505366
6-Mar-19,1239.8,1273.1,1235.1,1262,1264.8,12038231,15139719373
7-Mar-19,1264,1279.8,1258.15,1270,1270.25,8109259,10312571023
8-Mar-19,1266.05,1274.45,1262,1266.9,1267.1,6040052,7654451409
11-Mar-19,1270.05,1312,1268,1309.55,1304.1,9718840,12556541046
12-Mar-19,1316.9,1334,1314.25,1330.85,1331.35,11228736,14876774951
13-Mar-19,1337,1360,1328.1,1349,1347.3,11236048,15046185762
14-Mar-19,1349.75,1362,1336.1,1339.5,1341.55,10402048,14067556296
15-Mar-19,1345,1358.8,1311.2,1323.75,1321.65,15893093,21202054548
18-Mar-19,1331,1357.95,1329,1356.5,1350.05,10105234,13553461916
19-Mar-19,1360,1380,1343.1,1378,1376.55,9805318,13356900675
20-Mar-19,1377.8,1388,1364,1373.05,1375.45,9892823,13614222090
22-Mar-19,1375.45,1375.45,1375.45,1375.45,1375.45,1055545,1451849370
22-Mar-19,1372.5,1380.9,1336.7,1345.1,1341.75,11465112,15582694375
25-Mar-19,1330.6,1336.85,1316.7,1328,1324.45,7951992,10537631803
26-Mar-19,1330.3,1371.6,1330,1369,1367.25,9479288,12826063636
27-Mar-19,1377.95,1377.95,1344.25,1347,1349.25,10094174,13735399191
28-Mar-19,1350.25,1369.8,1342.8,1362,1360,10482938,14228879897
29-Mar-19,1370.05,1376.85,1355.1,1363.05,1363.25,7699271,10498445886
1-Apr-19,1370,1406.8,1362.55,1391.6,1391.85,10098281,14003614629
2-Apr-19,1398,1403.1,1380.1,1388.2,1389.7,8012636,11140373758
3-Apr-19,1392.75,1403,1372,1374.6,1375.2,7849461,10912295747
4-Apr-19,1379,1383.7,1347.25,1354.5,1353.05,8375674,11396256161
5-Apr-19,1360.95,1363.9,1343,1355.85,1353.9,6728239,9100090312
8-Apr-19,1356,1357.5,1323.7,1328,1329.25,8723577,11646734561
9-Apr-19,1328.9,1340.7,1321,1338,1334.45,9497621,12636159791
10-Apr-19,1337.95,1348,1326.5,1331,1331.4,7612711,10185730758
11-Apr-19,1332.95,1353,1329,1350,1346.8,5741333,7684265512
12-Apr-19,1350,1356.9,1336.65,1340,1343.1,5919742,7968461251
15-Apr-19,1345,1348.95,1335,1339,1340.15,4245127,5694089312
16-Apr-19,1345,1360,1340,1345,1343.75,7936553,10711981440
18-Apr-19,1375,1389.75,1365,1386.05,1385.95,17960482,24776645490
22-Apr-19,1360,1367,1341.3,1344,1345.35,10792748,14611422111
23-Apr-19,1348,1373,1346,1364.65,1363.85,9055300,12342230169
24-Apr-19,1370.3,1394.8,1366.25,1389.5,1389.5,7360887,10153225468
25-Apr-19,1389.1,1412.4,1362.6,1370,1372.4,13929820,19387122710
26-Apr-19,1375,1395.95,1370.7,1392,1392.8,6889444,9534854406
30-Apr-19,1396.4,1396.4,1366.8,1392.45,1392.8,10217019,14148587975
2-May-19,1392,1413.9,1382.1,1403.1,1405.05,8682505,12175759294
3-May-19,1407.95,1417.5,1402.65,1409.9,1408.85,6510169,9193624810
6-May-19,1398,1402.8,1378.1,1382.95,1384.9,7237910,10078024781
7-May-19,1394.8,1395,1340.2,1341,1343.5,8877095,12087393002
8-May-19,1340,1340,1292.2,1297.75,1299.45,14610543,19185103692
9-May-19,1288.8,1288.8,1251.75,1253.15,1256.45,19507368,24678759802
10-May-19,1265,1277.7,1245,1245.75,1251.15,11226831,14185772329
13-May-19,1247.9,1260.8,1227.5,1229.9,1232.05,8047801,10035248863
14-May-19,1236.5,1269.35,1231.5,1267,1260.45,13001004,16285800117
15-May-19,1273,1278,1250.6,1256,1256.9,11163801,14172762818
16-May-19,1259.95,1271.9,1258.1,1269.2,1265.35,6606652,8355421933
17-May-19,1267,1276.95,1252,1269,1267.4,7898440,10021920301
20-May-19,1313.6,1337.7,1303.5,1328.55,1325.9,12333937,16271303255
21-May-19,1332.2,1367,1330.05,1339.9,1339.8,13872055,18699517120
22-May-19,1345.65,1359.7,1335.1,1344,1340.4,11287400,15183604297
23-May-19,1372,1392,1325,1336,1333.9,17722514,24181412650
24-May-19,1348,1353.8,1316.5,1338,1336.85,10180759,13588548475
27-May-19,1337.1,1337.5,1307,1313.2,1310.65,7349720,9722442982
28-May-19,1319.8,1334.8,1313.35,1330,1323.75,19472659,25779560282
29-May-19,1321,1333.3,1304.15,1315.6,1313.05,7112830,9396655635
30-May-19,1316.25,1342,1316.25,1330,1329.75,10740841,14280455588
31-May-19,1337.9,1341.9,1320.2,1330.1,1330.15,11760178,15649085826
3-Jun-19,1335,1367.25,1321.2,1364,1360.2,8483610,11405935738
4-Jun-19,1357.45,1374.25,1348.1,1353,1351.65,7059911,9588561365
6-Jun-19,1361.9,1361.9,1321.1,1326.15,1327.35,7664319,10235481154
7-Jun-19,1325.95,1327.25,1305.6,1311,1314.9,6730595,8847672553
10-Jun-19,1320.9,1327,1310.1,1320.5,1319.15,5380148,7099110100
11-Jun-19,1321.85,1334.5,1318,1329.55,1329.15,5253790,6974448670
12-Jun-19,1334.7,1338.4,1325,1333.2,1332.15,4707716,6273369872
13-Jun-19,1330,1334.7,1308.65,1323.65,1327.25,7171189,9483684625
14-Jun-19,1321.9,1325,1309.4,1320,1317.55,6831331,8990093262
17-Jun-19,1320,1320,1278.5,1282.25,1282.3,6815554,8805027721
18-Jun-19,1278.9,1287.95,1269.1,1278.5,1281,7679193,9828580500
19-Jun-19,1286.9,1302,1262.6,1282,1277.35,6625604,8509322280
20-Jun-19,1280,1300,1278,1299.9,1296.75,4914012,6331138795
21-Jun-19,1295.95,1296,1275.55,1278.7,1279.5,10623098,13619185209
24-Jun-19,1272.15,1276.45,1257.1,1261.85,1262.4,5150998,6511020817
25-Jun-19,1258.9,1298,1254.25,1295.4,1295.85,6842363,8767510683
26-Jun-19,1291,1304.6,1286.35,1291.9,1294.15,5299942,6868096872
27-Jun-19,1293.15,1296.9,1271,1276,1274.15,11385972,14586656141
28-Jun-19,1277.1,1282.85,1248.65,1254,1253.1,8659721,10927608371
1-Jul-19,1258.05,1272.65,1246.45,1268.9,1268.85,6162080,7782945943
2-Jul-19,1273.95,1281,1263.3,1279,1278.5,4638751,5904738864
3-Jul-19,1282.9,1286.5,1275.05,1282,1282.55,4026032,5159834855
4-Jul-19,1281.4,1291,1280,1284,1284,4275148,5497406372
5-Jul-19,1285.1,1290.5,1260,1262.9,1263.35,4995344,6369748472
8-Jul-19,1258,1268.1,1248.2,1252.5,1252.05,6404544,8047480742
9-Jul-19,1248.95,1283.5,1245.5,1283,1280.1,8016757,10202649426
10-Jul-19,1280.05,1289.35,1268.7,1277.1,1278.85,5494315,7019145793
11-Jul-19,1287,1289.8,1279.3,1280.5,1281.55,3935460,5055815448
12-Jul-19,1283,1300,1278.05,1278.55,1280.5,7174054,9271567813
15-Jul-19,1285,1289.5,1270.35,1276.5,1276.1,4873164,6221997658
16-Jul-19,1279.95,1294.9,1277.05,1292.1,1293,4604019,5920407971
17-Jul-19,1294.3,1297,1280,1280.5,1281.85,4334958,5579597026
18-Jul-19,1282,1286.4,1258,1264.9,1261.85,5459896,6929997087
19-Jul-19,1268.2,1272.95,1242.7,1253,1249,7468515,9386768752
22-Jul-19,1251,1284.5,1227.3,1278.1,1280.5,13300153,16785913907
23-Jul-19,1285,1293.9,1260.4,1275,1273.55,9287951,11903864962
24-Jul-19,1273.5,1278.8,1253.55,1260,1259.1,6943982,8757320632
25-Jul-19,1264,1269.05,1227,1235,1231.5,9968545,12413340500
26-Jul-19,1231.5,1242.5,1210,1217,1213.8,9320481,11396954500
29-Jul-19,1216.9,1222,1205.1,1211.4,1210.95,8058035,9769288353
30-Jul-19,1213.95,1220,1175.95,1177.6,1180.9,9533344,11432780839
31-Jul-19,1175.75,1185,1162.4,1165.2,1166.25,9705619,11393035592
1-Aug-19,1163.4,1188.2,1150.35,1185.75,1180.25,10344862,12039909017
2-Aug-19,1175.7,1198.25,1162.1,1183.55,1184.35,10865385,12838863669
5-Aug-19,1167,1167,1128,1141,1143.35,13897461,15896018245
6-Aug-19,1134.75,1149.6,1122,1122.35,1128.3,13288909,15113039873
7-Aug-19,1126.5,1138.55,1103.1,1104.4,1109.4,11588879,12965339878
8-Aug-19,1108.35,1158,1095.3,1156.65,1152.35,14262936,16043824121
9-Aug-19,1161.85,1175.5,1152.3,1161,1162.1,10043949,11714585303
13-Aug-19,1233.15,1302.8,1226,1275.3,1274.75,47923444,61092901704
14-Aug-19,1304,1304.45,1280.35,1288,1288.25,14487137,18719162022
16-Aug-19,1291.2,1291.8,1273,1278.5,1278,10047496,12868358694
19-Aug-19,1281.05,1296.8,1280,1290,1292.6,7459859,9619648793
20-Aug-19,1289.8,1292.6,1272.6,1278.55,1275.95,6843460,8765276621
21-Aug-19,1275.65,1278.65,1266.5,1271.05,1270.95,4881553,6206485612
22-Aug-19,1270.95,1271,1238.9,1244.2,1246.75,6414937,8030748574
23-Aug-19,1239,1284,1226.5,1276,1275.85,9741262,12256262869
26-Aug-19,1294,1294,1259,1265,1266.8,8778739,11185873443
27-Aug-19,1285,1285,1261.2,1274.35,1274.85,12984396,16522569647
28-Aug-19,1273.75,1281,1256.05,1260.05,1263.3,5305639,6718393215
29-Aug-19,1256.45,1260.25,1235.3,1242.05,1241.75,8635974,10772946075
30-Aug-19,1245.5,1254.4,1221,1253,1248.55,11308120,13993833783
3-Sep-19,1242.25,1243,1200,1200.45,1206.4,8563009,10465120848
4-Sep-19,1200.55,1205.25,1186.05,1202.4,1201.15,15063355,18015841145
5-Sep-19,1206.8,1213.2,1193.3,1193.4,1198.6,10512763,12643724991
6-Sep-19,1203,1229,1195.25,1220.5,1222.5,10600234,12883178006
9-Sep-19,1220.65,1233,1213.15,1221.7,1222.2,5370758,6574555885
11-Sep-19,1222.5,1240,1222.5,1232.05,1234.4,5544468,6840842137
12-Sep-19,1235,1240.45,1205.7,1211.5,1210.35,5431139,6639105042
13-Sep-19,1212,1228.5,1206.9,1226.7,1225.6,5919260,7199926784
16-Sep-19,1189,1219.1,1186.1,1210.6,1210.75,9393731,11325440053
17-Sep-19,1211,1211,1193.5,1196.95,1197.45,7150435,8593600264
18-Sep-19,1204.95,1216.3,1197.2,1209,1205.7,6827281,8233652162
19-Sep-19,1207.85,1209.7,1172.65,1179,1179.05,6293454,7486075537
20-Sep-19,1187.95,1269.9,1174.3,1254.35,1254.35,22019674,27269067452
23-Sep-19,1274.15,1281,1235,1236.35,1239.2,9879751,12349237345
24-Sep-19,1243.6,1298.8,1242.75,1277.5,1278.7,15982067,20496560838
25-Sep-19,1284,1295,1268.85,1280.6,1279.55,8316894,10682857321
26-Sep-19,1292,1298.8,1283.5,1296.5,1296.8,8389212,10849310880
27-Sep-19,1292.5,1315,1284,1307.5,1309.05,8712980,11391851166
30-Sep-19,1310,1335.75,1305.55,1333.4,1332.25,11549746,15269859907
1-Oct-19,1337,1342,1293.3,1303.7,1304.9,8192597,10815596239
3-Oct-19,1286,1314.7,1281.3,1311.6,1311.05,6183107,8071137690
4-Oct-19,1319.9,1328.6,1303.85,1307.75,1308.1,6853954,9034653712
7-Oct-19,1308.1,1320.8,1301.7,1308.9,1310.1,4599818,6035333162
9-Oct-19,1308.7,1329.95,1292.5,1328.7,1324.75,8040938,10529814619
10-Oct-19,1325,1369,1321,1360.15,1362.75,16003744,21716222026
11-Oct-19,1363.7,1365.6,1336.55,1350.1,1352.6,7587648,10260367695
14-Oct-19,1364.95,1364.95,1350.85,1356.9,1358,6123412,8317237659
15-Oct-19,1362.5,1370,1354.3,1364.15,1364.15,4422075,6033214999
16-Oct-19,1369.9,1379.65,1363.7,1374.5,1372.35,8870701,12165579724
17-Oct-19,1375,1399,1372,1394.95,1396.5,7332464,10153421510
18-Oct-19,1404,1427.9,1398.7,1416,1416.35,12856410,18209582126
22-Oct-19,1425,1436.85,1403.35,1417.4,1414.15,12703054,18050195874
23-Oct-19,1416.3,1425.95,1383.15,1394,1392.4,8432964,11834877911
24-Oct-19,1401,1441.4,1386.55,1435.1,1436.45,10351384,14648603629
25-Oct-19,1441.1,1441.45,1411.25,1428.25,1431.2,6190013,8827068858
27-Oct-19,1441,1445,1430,1435.5,1434.25,1378313,1981825201
29-Oct-19,1445.5,1480,1442.1,1470.1,1467.05,11780494,17264861676
30-Oct-19,1480,1484.55,1460.3,1482.6,1479.1,7470723,10996072296
31-Oct-19,1484,1489.65,1461.7,1465.1,1464.35,8898168,13096851142
1-Nov-19,1455,1461.8,1441,1456.15,1456.9,6356579,9227241717
4-Nov-19,1465.9,1471,1445.1,1460.65,1457.65,6429329,9362882584
5-Nov-19,1463.1,1468.95,1441,1447.5,1447.3,5799318,8404412066
6-Nov-19,1442.7,1446.45,1428.5,1433,1434.9,6686289,9603195009
7-Nov-19,1435,1463,1432.2,1461,1458.6,6438749,9327688346
8-Nov-19,1449,1459.65,1441.3,1446,1445.5,5494844,7959284446
11-Nov-19,1439.1,1444.25,1422.55,1427.8,1427.8,5192423,7432416175
13-Nov-19,1430,1475.9,1430,1469.1,1472.3,11532364,16845751337
14-Nov-19,1476,1481.6,1455.8,1458.25,1462.75,6518339,9561881077
15-Nov-19,1465.65,1486.8,1463.15,1466.8,1470.85,7173674,10594340066
18-Nov-19,1472.65,1486,1455.4,1460.05,1459.2,6435097,9449287322
19-Nov-19,1467,1514.9,1465,1511.55,1509.75,13795569,20644325395
20-Nov-19,1555.05,1572.4,1543.2,1548.5,1547.65,19904164,31043534027
21-Nov-19,1545,1556,1528.55,1540.5,1537.6,6810577,10477684602
22-Nov-19,1542.1,1569.5,1537.6,1548.05,1546.5,10218978,15852947452
25-Nov-19,1551.15,1564.8,1551,1562,1561.55,6924313,10795666734
26-Nov-19,1568.1,1576.35,1556,1561.2,1560.25,16152137,25248383481
27-Nov-19,1559.95,1575.5,1556.1,1575.1,1569.85,4408336,6895829808
28-Nov-19,1572.65,1584.15,1563.95,1582,1580.3,6284885,9906407922
29-Nov-19,1581.95,1581.95,1547.85,1553,1551.15,8484822,13225831194
2-Dec-19,1600,1614.45,1577,1586.9,1586.5,14275186,22736671351
3-Dec-19,1592.75,1594,1572.6,1582,1578.9,5938786,9383687343
4-Dec-19,1573,1577.5,1533.75,1554.5,1552.7,9594828,14888958079
5-Dec-19,1574,1579.75,1544,1551,1550.85,9117022,14235446633
6-Dec-19,1553,1568,1541.1,1554.5,1554.9,5982129,9304004870
9-Dec-19,1556.15,1577.4,1546.5,1572.95,1572.6,5779807,9046924671
10-Dec-19,1572.05,1573.6,1554.15,1564.9,1561.95,4650906,7263249188
11-Dec-19,1555.6,1574.5,1550.6,1561,1562.4,5652698,8819046878
12-Dec-19,1570.25,1573.85,1556.65,1571.1,1568.2,4720977,7387206060
13-Dec-19,1580,1590,1572.4,1584.05,1582.9,5791522,9154160089
16-Dec-19,1592,1593.9,1564.35,1571,1566.6,5436951,8566568694
17-Dec-19,1566.75,1579,1555.55,1567,1562.7,9291724,14538834628
18-Dec-19,1563,1580,1562,1577.15,1575.85,6739582,10578662434
19-Dec-19,1573.7,1614.9,1571.8,1613,1609.95,9375484,14960269699
20-Dec-19,1615,1617.55,1596.1,1600,1599.1,9724619,15604131779
23-Dec-19,1560.1,1577.55,1557.8,1570.95,1571.4,11478429,17990493040
24-Dec-19,1568.9,1572.05,1542.5,1544.5,1546.45,8251144,12833955163
26-Dec-19,1541.65,1552.95,1510.15,1515.8,1515.4,13605737,20782349005
27-Dec-19,1527,1546.2,1521.3,1542,1542.35,8081591,12393781505
30-Dec-19,1545.95,1547.65,1528.05,1546.25,1544.2,7828402,12041287379
31-Dec-19,1542,1543.7,1508.05,1516,1514.05,10150467,15480924274
1-Jan-20,1518,1527.1,1505.5,1511.8,1509.6,6402372,9701063103
2-Jan-20,1512,1540.95,1512,1534.1,1535.3,8096561,12394709676
3-Jan-20,1533,1541.65,1523,1536,1537.15,9593498,14704283072
6-Jan-20,1520,1527.9,1498,1499.9,1501.5,11209343,16954936800
7-Jan-20,1519,1534.5,1513.5,1526.95,1524.6,7627191,11617096335
8-Jan-20,1515,1534.45,1510,1514,1513.15,7336561,11138643618
9-Jan-20,1538.6,1550,1531.25,1549.5,1548,6849606,10560431963
10-Jan-20,1551.9,1557.95,1539.65,1546.85,1547.65,5704686,8838954165
13-Jan-20,1545.05,1558.7,1538.4,1539.85,1543.7,8358090,12946146807
14-Jan-20,1540,1550,1521.85,1529.1,1529.4,7230788,11090262628
15-Jan-20,1535.85,1539.9,1518.25,1524.1,1523.85,7231393,11040550715
16-Jan-20,1529,1543.35,1528,1538.7,1537.9,5873662,9018508367
17-Jan-20,1553.5,1584.95,1553.2,1581,1581,13469708,21187907268
20-Jan-20,1609,1609,1526.4,1532.2,1532.35,14878868,23179100842
21-Jan-20,1528.6,1545.85,1522,1535,1533.9,8650831,13284891871
22-Jan-20,1544,1546.75,1531.1,1535.25,1533.35,4719245,7258954216
23-Jan-20,1536.5,1541.95,1520.7,1529.6,1526.85,5142088,7861187151
24-Jan-20,1527,1536.35,1518.55,1524.05,1521.55,6687633,10203594713
27-Jan-20,1514.9,1524.45,1505,1508,1506.55,6120429,9262815086
28-Jan-20,1508.6,1510,1463.6,1473.5,1471.75,11215313,16663988524
29-Jan-20,1474.05,1494.4,1464.05,1480,1479.85,11313297,16736172828
30-Jan-20,1479,1479.7,1440,1443,1443.75,10241756,14875116667
31-Jan-20,1453,1453.25,1407.2,1410,1411.65,15886673,22650374557
1-Feb-20,1405.3,1426.95,1371.1,1372,1383.35,11022901,15463889562
3-Feb-20,1369.9,1399.95,1363.05,1386,1385.5,14040626,19386892661
4-Feb-20,1400,1432.5,1397.8,1427.5,1426.4,11604666,16470598997
5-Feb-20,1434.9,1452.8,1430.3,1446.3,1448.5,8444823,12181350644
6-Feb-20,1454.1,1467,1440.1,1455,1457.8,7103715,10321203996
7-Feb-20,1451,1452.35,1428.3,1432,1433.65,5581641,8021138869
10-Feb-20,1428,1445.5,1410.45,1442.2,1435.6,6922631,9860658649
11-Feb-20,1447.4,1466.2,1445.05,1454.5,1452.75,6400245,9326549622
12-Feb-20,1456.15,1474.85,1455,1473.15,1470.3,6187091,9069380788
13-Feb-20,1477.75,1477.75,1462.6,1470.45,1474.15,6201763,9120966120
14-Feb-20,1477.25,1501.45,1453.1,1485.85,1487.6,9704655,14395961760
17-Feb-20,1489,1506.15,1474.3,1478.5,1478.25,6011340,8942610639
18-Feb-20,1475.9,1475.9,1457.4,1466.9,1467.4,5086964,7455603061
19-Feb-20,1479.35,1506.45,1475.1,1504.5,1503.8,6438918,9641269217
20-Feb-20,1497,1508,1483.8,1487,1485.95,7722577,11551669677
24-Feb-20,1469.75,1477,1439.55,1447.1,1444.95,9769743,14291004524
25-Feb-20,1451.4,1451.4,1410,1420,1416.4,12684109,18169572259
26-Feb-20,1410,1412.35,1387.35,1389.5,1392,13423661,18790808836
27-Feb-20,1388,1393.8,1369,1380.45,1386.25,11454300,15822175752
28-Feb-20,1354.9,1357,1325,1327,1328.65,17973847,24066201012
2-Mar-20,1355.1,1369,1301.1,1322,1316.15,13486634,18117990645
3-Mar-20,1329.7,1353.9,1322,1346.35,1342.85,12525809,16775518804
4-Mar-20,1352,1353.8,1307.9,1349,1339.7,10105782,13453213012
5-Mar-20,1352.2,1357.95,1306,1309.9,1311.15,13948324,18510367253
6-Mar-20,1270,1288.15,1241.1,1269.85,1271,15422068,19610974599
9-Mar-20,1240.05,1241,1095,1104.5,1114.15,40317808,46105953149
11-Mar-20,1108,1178.45,1108,1152,1153.55,27237627,31538987521
12-Mar-20,1085,1101,1048.7,1059,1063,25588170,27538049024
13-Mar-20,998,1140,942.4,1116.95,1105.3,33509757,35297404438
16-Mar-20,1060.55,1079.7,1005,1012.2,1015.7,17594729,18418745886
17-Mar-20,1047.25,1060,1003.2,1011.5,1008,20777442,21497994559
18-Mar-20,1025.3,1035.9,961,976.45,968.5,20450497,20290776264
19-Mar-20,920.1,967,892.2,917.7,917.7,28072062,25794360274
20-Mar-20,939.5,1034.9,930,1028,1017.95,28967526,28503444362
23-Mar-20,916.2,950,875.65,891,884.05,18593713,16721615106
24-Mar-20,930,970,895.8,946,943.4,20919322,19556500214
25-Mar-20,963.8,1151.55,963.25,1074,1082.25,33433126,35221338455
26-Mar-20,1095.8,1116.9,1042.35,1069,1066.2,20912934,22480324150
27-Mar-20,1095,1107.3,1046.2,1067.95,1065.6,19044644,20378895931
30-Mar-20,1040.6,1074.8,1020,1031.5,1030.45,13820286,14430304003
31-Mar-20,1073.95,1129.8,1048,1100,1113.75,20249909,22140676569
1-Apr-20,1122.25,1124.6,1045.2,1084,1080.45,19017099,20402365414
3-Apr-20,1134.45,1134.45,1056.3,1088,1077.45,18912044,20378095230
7-Apr-20,1102.1,1214,1100,1211,1206.1,24859057,28867992304
8-Apr-20,1180,1229,1160,1197,1192.15,22803774,27241443068
9-Apr-20,1214,1232.8,1193,1217.75,1219.95,15101711,18347214247
13-Apr-20,1203.95,1215,1180,1192.5,1189.15,10822871,12896993488
15-Apr-20,1197.05,1236,1143,1157.5,1149.85,16147959,19243981631
16-Apr-20,1149.85,1187.45,1145,1170,1168.05,17123533,20071955512
17-Apr-20,1216,1230,1192.65,1229.9,1224,15209707,18375116205
20-Apr-20,1226,1257,1202,1248.1,1243.8,16472339,20240404168
21-Apr-20,1210,1252,1164,1251.5,1237.35,28057706,33783478000
22-Apr-20,1320,1384.9,1300,1359,1363.6,65230894,87505942711
23-Apr-20,1367.35,1385.85,1353.3,1370.15,1370.9,29928331,40974916121
24-Apr-20,1350.15,1494.95,1347.2,1425.8,1417,61711388,88350296136
27-Apr-20,1434,1475,1423,1431,1429.75,26736512,38722699505
28-Apr-20,1450,1455.45,1392.15,1430,1428.15,35866381,50974111341
29-Apr-20,1444.9,1453.65,1420,1427,1426.95,17141540,24622404116
30-Apr-20,1453.95,1494.95,1438.05,1464,1466,32617901,47879255960
4-May-20,1440,1465,1417.45,1435,1435.2,24439240,35264364751
5-May-20,1453.7,1479,1447.2,1462.65,1460.65,20528706,30058697949
6-May-20,1464,1484.95,1445.5,1461.5,1460.75,18510304,27183196663
7-May-20,1455,1513.65,1445,1512,1506.95,22871529,33961065997
8-May-20,1545,1579.9,1537.1,1559.45,1561.8,38522385,60118628771
11-May-20,1580,1615,1572.3,1575,1576.8,30670404,48854566348
12-May-20,1564.8,1568.35,1465,1486.45,1479.25,46029119,69568011663
13-May-20,1527,1527,1454,1492.5,1496.45,30658051,45407632804
14-May-20,1469,1496.7,1430.05,1437,1435.95,22736714,33141191470
15-May-20,1444,1466.7,1415.1,1453.2,1459.4,28683432,41299828010
18-May-20,1470,1482,1428,1442.55,1440.75,28981620,42106270200
19-May-20,1457,1461.7,1403.25,1409.1,1408.9,19529216,28057214575
20-May-20,1410,1446.85,1393,1437.4,1433.7,25530692,36419940582
21-May-20,1435,1461.45,1425,1440,1441.25,18077196,26102458753
22-May-20,1451.8,1458,1426.5,1433,1431.55,17458503,25180593225
26-May-20,1448.15,1449.7,1416.3,1426,1424.05,15330793,21903166112
27-May-20,1431,1454,1412,1449.85,1445.55,16460764,23542230514
28-May-20,1455,1479.75,1449,1471.05,1472.25,18519252,27176980636
29-May-20,1468,1472,1452.65,1470,1464.4,18471770,27020285851
1-Jun-20,1480,1538.35,1475.95,1521.9,1520.35,18434065,27890475620
2-Jun-20,1526,1540,1520.8,1537.95,1535.7,10224102,15660044884
3-Jun-20,1545,1560,1533.35,1543,1541.65,11713666,18082824556
4-Jun-20,1544,1589.5,1541,1576,1579.8,15784612,24785560881
5-Jun-20,1595,1618,1573.7,1579.2,1581.7,15270435,24377905392
8-Jun-20,1618.4,1618.4,1565,1571.8,1569.5,14498055,23026897487
9-Jun-20,1560.3,1583,1533,1535.9,1537.15,11934073,18568335407
10-Jun-20,1543.1,1579.55,1540.05,1575,1572.15,10214426,15901058051
11-Jun-20,1566,1567.95,1531,1538.8,1537.7,9408283,14548302925
12-Jun-20,1500,1593,1497,1588.7,1588.8,17790565,27623018098
15-Jun-20,1565,1626.95,1561.1,1612.3,1614.55,24509162,39052737199
16-Jun-20,1643,1648.55,1585.3,1614.05,1617.7,23623299,38202982643
17-Jun-20,1608.25,1635.45,1602.1,1611.85,1615.35,19282519,31211518938
18-Jun-20,1607,1665,1605.6,1662.9,1655.9,18677694,30564098283
19-Jun-20,1670,1788.8,1662,1763.2,1759.4,48828852,84344321447
22-Jun-20,1773.4,1804.2,1735,1752.5,1746.15,27781772,49206651889
23-Jun-20,1750,1763.75,1716.1,1721.7,1720.9,17521196,30344310522
24-Jun-20,1735.9,1772.7,1711.7,1732.5,1727.85,23808524,41418523475
25-Jun-20,1727,1749,1713.05,1719,1717.9,18312705,31651803893
26-Jun-20,1728.8,1752,1717,1750,1741.65,14270695,24715505751
29-Jun-20,1728.05,1739.75,1715.55,1722.7,1723.15,11825126,20391055541
30-Jun-20,1737,1741,1695.55,1707.5,1704.1,13973038,24007093966
1-Jul-20,1720,1749,1708.05,1736.25,1737.6,13136706,22726570311
2-Jul-20,1743,1767.6,1735.05,1759.5,1760.35,13286760,23320864112
3-Jul-20,1779.8,1793,1768,1788,1787.9,13584004,24202508200
6-Jul-20,1805,1858,1792.1,1855,1851.8,21698149,39765301081
7-Jul-20,1860,1864.35,1806.3,1822.15,1823.45,16240102,29748224129
8-Jul-20,1824.05,1834.95,1790,1795.4,1798,12093523,21917489259
9-Jul-20,1809,1835,1786.25,1826.75,1824.25,16807403,30477877600
10-Jul-20,1828.5,1884.6,1824.25,1880.2,1878.05,20195490,37555184972
13-Jul-20,1903.35,1947.7,1900,1938.7,1935,32124397,61905840823
14-Jul-20,1934,1941.7,1887.3,1915,1917,31073591,59597787129
15-Jul-20,1937.95,1978.8,1798,1842.35,1844,64458598,1.23608E+11
16-Jul-20,1847,1869,1812.45,1842.05,1843.4,28133993,51879421166
17-Jul-20,1845,1920,1838,1916,1911.7,22949535,43059161082
20-Jul-20,1917.8,1932,1899.65,1921.95,1919.9,16887752,32372604466
21-Jul-20,1939,1977,1936.5,1973.5,1971.55,19463498,38195689330
22-Jul-20,1983,2010,1960.7,2004,2004,27584769,54989120617
23-Jul-20,2003.95,2079.7,1991.35,2076,2057.8,26921058,54810058388
24-Jul-20,2058,2163,2057.8,2148.4,2146.15,55656793,1.18467E+11
27-Jul-20,2178.8,2198.8,2127.9,2154.95,2156.2,37060949,80410276312
28-Jul-20,2156.2,2194,2150.65,2177,2177.7,25435618,55339580394
29-Jul-20,2177.9,2182.8,2070.45,2092,2096.65,33536361,71241119090
30-Jul-20,2099,2139.7,2072,2101.9,2108.85,33624516,70982380956
31-Jul-20,2114.5,2129,2052.8,2070,2067.1,34593375,71851185920
3-Aug-20,2051.3,2057,2003.1,2007.65,2009,21560137,43746668081
4-Aug-20,2020.6,2167,2000.25,2158.4,2150.6,42477225,89120494925
5-Aug-20,2169,2196,2118.3,2132.1,2126.45,34405886,74100545222
6-Aug-20,2157,2167.7,2107.8,2136.55,2134.1,22762726,48702811222
7-Aug-20,2129.8,2157.8,2120.2,2146,2146.45,15222384,32595833726
10-Aug-20,2159.1,2165,2108.1,2121.6,2119.85,12441939,26583161119
11-Aug-20,2134.8,2160,2100.35,2132.85,2133.8,21611359,46103431136
12-Aug-20,2121,2145,2106.8,2126.55,2127.6,13967529,29747858193
13-Aug-20,2128,2138.9,2110,2125.8,2122.05,11459251,24324473969
14-Aug-20,2122.55,2157,2089.25,2112,2113.8,15333759,32660268152
17-Aug-20,2105,2105,2070.1,2094.05,2091.35,14297224,29819054668
18-Aug-20,2085,2134.3,2082.35,2120.2,2118.55,14097932,29867537549
19-Aug-20,2141,2154,2121.35,2137,2131.55,15731409,33623807599
20-Aug-20,2120,2123.9,2088,2098.6,2097.05,10402292,21938504436
21-Aug-20,2118,2122,2077,2084.75,2081.85,11667281,24466208120
24-Aug-20,2091.4,2104.5,2070.5,2099.95,2095.75,15099030,31560709786
25-Aug-20,2106,2111.3,2078,2082,2082.1,8947709,18695434041
26-Aug-20,2085,2147.95,2047,2133.7,2137.3,27631028,58091747447
27-Aug-20,2148,2150,2103.25,2108.1,2110.6,12962139,27570185760
28-Aug-20,2120,2132.9,2106.25,2116,2116.15,12537684,26565452934
31-Aug-20,2174,2174,2060.35,2070,2080.7,28649141,60697216689
1-Sep-20,2100,2122.4,2062.4,2092,2087.25,17821488,37279521465
2-Sep-20,2092,2138,2085,2128.55,2128.2,12437209,26358056793
3-Sep-20,2128,2138.75,2103,2114,2112.1,8577741,18123586030
4-Sep-20,2083.55,2096.95,2072.2,2080,2077.25,13141705,27396936571
7-Sep-20,2084,2105.75,2044.25,2099.6,2082.65,10119099,20964707499
8-Sep-20,2092,2121,2080.5,2103.1,2107.1,12643762,26653239816
9-Sep-20,2085,2167.8,2081.45,2163.55,2161.35,25526055,54545044441
10-Sep-20,2183.1,2344.95,2175.35,2319,2314,64751766,1.47343E+11
11-Sep-20,2312,2337.85,2287.1,2315,2319.75,27445883,63635412477
14-Sep-20,2325,2360,2282,2296.25,2302.55,20335480,47250941267
15-Sep-20,2311.95,2325.75,2288.15,2324,2318.85,12543161,28990110978
16-Sep-20,2320,2369.35,2310.55,2324.9,2324.55,15669133,36657370888
17-Sep-20,2320,2333.7,2291.85,2296,2298.75,11919991,27538576984
18-Sep-20,2314.25,2319.45,2276.55,2303.6,2305.7,15264101,35185252646
21-Sep-20,2300,2336,2247.35,2250,2255.85,15519433,35560977455
22-Sep-20,2277,2277,2201.55,2220.05,2211.15,16056621,35731708479
23-Sep-20,2260,2276.75,2205.3,2228,2230.8,19839809,44492265342
24-Sep-20,2207.9,2226,2176.05,2195,2181.2,13765321,30292605688
25-Sep-20,2189,2212.8,2167.3,2198.85,2201.7,13095950,28695471561
28-Sep-20,2227,2238,2207.05,2218,2216.25,9076787,20163062604
29-Sep-20,2225,2264,2216.25,2241.9,2245.05,11927459,26744967681
30-Sep-20,2260,2267,2225,2231,2234.35,11291280,25416740704
1-Oct-20,2263.8,2263.8,2214,2229.05,2225.25,9591467,21462014628
5-Oct-20,2244,2249.15,2206,2215,2212.2,8732890,19412649756
6-Oct-20,2225.25,2233.9,2201.65,2213,2210.35,8497352,18810040908
7-Oct-20,2235,2309,2220,2259.4,2257.5,24538620,55856495761
8-Oct-20,2259,2268,2222.1,2241.5,2239.25,9727508,21811437285
9-Oct-20,2235,2253,2217.1,2239,2233.45,8558747,19103582648
12-Oct-20,2235,2255.75,2226.25,2236,2237.05,6565525,14703804367
13-Oct-20,2230.6,2285.75,2225.85,2279,2280.7,10666280,24103209104
14-Oct-20,2278.9,2304,2268.5,2283,2287.5,12341487,28197589497
15-Oct-20,2290,2290,2195,2203.25,2206.5,9246893,20722639247
16-Oct-20,2215,2232.5,2172.65,2178,2175.8,9961080,21887776010
19-Oct-20,2190.05,2228.7,2155.15,2175.5,2176.2,14399062,31530332263
20-Oct-20,2179,2193,2152.25,2155.85,2155.9,8529621,18479742688
21-Oct-20,2168,2192,2097.75,2122.65,2124.6,15729989,33723125352
22-Oct-20,2127.4,2132.5,2091,2111.9,2106.95,14215255,29952115115
23-Oct-20,2106,2135,2096.4,2112,2113.05,10809383,22904053634
26-Oct-20,2101.95,2101.95,2018.5,2034.9,2029.1,17225340,35358322556
27-Oct-20,2034.9,2059.85,2005,2034.4,2034.5,16835011,34114088506
28-Oct-20,2041.8,2057.7,2007.4,2008.9,2011.45,13810054,27979442355
29-Oct-20,1997,2042,1991,2029.05,2026.9,14147681,28572185906
30-Oct-20,2033.5,2065.1,2021.8,2064.35,2054.5,15701123,32040607252
2-Nov-20,2027,2027,1859.15,1876,1877.45,45857806,88393320147
3-Nov-20,1890,1909,1835.1,1854.5,1850.4,40931170,76701761539
4-Nov-20,1837,1929,1837,1910.5,1913.2,37003111,70055655614
5-Nov-20,1954.95,1960.95,1932,1956.8,1955,17170274,33465297066
6-Nov-20,1990,2040,1978.15,2025,2029.15,30770080,62023880104
9-Nov-20,2062.1,2069,2036,2051,2050.7,16539467,33937502974
10-Nov-20,2077,2090,2041.2,2089,2084.55,17045147,35315160451
11-Nov-20,2089,2095,1978.1,1999.8,1997.2,26178477,53084610845
12-Nov-20,1981,2008.45,1965,1981.75,1980,18481466,36725218563
13-Nov-20,1982,2036.65,1981.75,2000.05,1996.4,20946864,42048268832
14-Nov-20,2014.9,2015.3,1995.35,2001.55,2002.3,2411900,4838163828
17-Nov-20,2085,2085,1985,1994.8,1993.25,21479385,43241364015
18-Nov-20,1993.25,2006.5,1960.1,1991.2,1987.2,14030652,27780020120
19-Nov-20,1987.2,2010.45,1968.2,1972,1973.15,12828008,25492281433
20-Nov-20,1975,1983.8,1895,1901,1899.5,26522972,51010821673
23-Nov-20,1951,1970,1926.25,1955.2,1950.7,20918665,40837042220
24-Nov-20,1964,1974,1932,1971.05,1964.05,14277083,27870435600
25-Nov-20,1980,1992.95,1942.2,1947.5,1947.8,15062376,29658744016
26-Nov-20,1953.05,1965,1930.05,1957,1952.6,11924527,23213094744
27-Nov-20,1940.5,1956.1,1921.4,1940.5,1929.8,21845931,42281637553
1-Dec-20,1940.35,1966.25,1930.05,1954.1,1954.9,9114939,17774977231
2-Dec-20,1958.5,1962,1935,1959,1958.15,10240168,19945469659
3-Dec-20,1972,1981.1,1958.65,1960.8,1964.05,12822945,25260374207
4-Dec-20,1969,1969,1940,1947.7,1946.75,8521388,16605763759
7-Dec-20,1940.6,1965,1940.6,1958.35,1958.2,8418767,16463893633
8-Dec-20,1961.15,2014.25,1950,1992.45,1993.75,20030506,39963227134
9-Dec-20,2009.95,2033.8,1999.25,2026,2026.95,13464375,27196561520
10-Dec-20,2021.6,2028.5,2001,2008,2007,7414229,14903949696
11-Dec-20,2013,2038,1974.25,1999.4,2005.8,12434745,25062187258
14-Dec-20,2007.95,2015,1986.35,1993.5,1991.3,7989830,15959361790
15-Dec-20,1989.7,1989.7,1961.1,1973.6,1974.35,8561406,16896273509
16-Dec-20,1988,1994.95,1965.7,1977.55,1976.55,8565904,16939660871
17-Dec-20,1984.5,2005,1977.15,1985.5,1985.6,9346460,18593553237
18-Dec-20,1980.1,2004.9,1965,1998.1,1991.55,8522215,16887433569
21-Dec-20,2010,2022,1855.25,1935,1939.7,20368545,40264899448
22-Dec-20,1949,1958.9,1888.45,1935,1936.7,12986606,24957654770
23-Dec-20,1930,1951.45,1920.65,1947,1943.85,8999898,17443231403
24-Dec-20,1947,1998.8,1945.9,1992.95,1994.15,9588577,18948962896
28-Dec-20,2006.7,2018,1995.3,2002,2003.3,7947719,15948771620
29-Dec-20,2009,2012.3,1982.55,1987,1990.05,8589407,17118416326
30-Dec-20,1995.25,2007.2,1975.55,1994.35,1995.5,10173132,20260786998
31-Dec-20,1993.5,2011.9,1978.6,1981.8,1985.3,8667516,17297504921
1-Jan-21,1988,1997,1982,1988,1987.5,4622002,9195480292
4-Jan-21,1995.1,1998.9,1968,1990.25,1990.85,11312992,22429227857
5-Jan-21,1969,1983.6,1956,1965,1966.1,11132803,21919019063
6-Jan-21,1965.9,1966,1905.15,1915.5,1914.25,21414270,41290368153
7-Jan-21,1920.5,1945,1905.15,1912.8,1911.15,14918406,28641263321
8-Jan-21,1918,1938.4,1912.1,1934,1933.7,12709792,24441751753
11-Jan-21,1938.8,1938.8,1892.5,1899,1897.25,15371556,29363709013
12-Jan-21,1903,1960,1899.9,1955.5,1957.05,18996047,36766988576
13-Jan-21,1963.55,1974.95,1918.45,1936,1938.8,12284876,23934034448
14-Jan-21,1945,1966.9,1939.05,1958.1,1960.6,9946818,19467651412
15-Jan-21,1960.6,1973.8,1920.05,1937.9,1937.45,9503790,18558204988
18-Jan-21,1949.1,1997,1923.35,1972.8,1983.95,16198856,31874686565
19-Jan-21,1994.65,2031,1994.65,2015,2016.4,14771048,29811112716
20-Jan-21,2021.4,2058,2001.4,2053,2054.7,14271669,29065337316
21-Jan-21,2082,2120,2075,2107,2099.4,18038987,37928961935
22-Jan-21,2111,2115.35,2035.15,2047.95,2049.6,14090818,29181582565
25-Jan-21,2034.95,2034.95,1932,1935.15,1941,25016570,49191602456
27-Jan-21,1925,1925,1888,1890,1895,19553809,37241980448
28-Jan-21,1880.15,1923.3,1870,1876.35,1876.55,15722291,29798806094
29-Jan-21,1894.3,1913.1,1830,1844.95,1841.95,20173258,37758612332
1-Feb-21,1859.4,1905,1848,1898.15,1895.3,15774504,29561820671
2-Feb-21,1914.25,1940,1854.95,1936,1925.8,19138414,36168052851
3-Feb-21,1928.3,1952,1900,1928.5,1930.65,13984228,27015673443
4-Feb-21,1924,1940,1905,1921.5,1924.3,11826848,22751381754
5-Feb-21,1930.05,1944.65,1920,1924.3,1923.75,9344470,18028883268
8-Feb-21,1933.05,1969,1929.05,1951.4,1951.45,9776136,19110816695
9-Feb-21,1961.95,1989.6,1952.3,1954.5,1956.15,9047308,17861994119
10-Feb-21,1953.75,1984.75,1927.3,1980.35,1974.3,9799560,19164292386
11-Feb-21,1980,2064.2,1972.25,2061.8,2055.7,19631870,39815594030
12-Feb-21,2055.5,2078,2015.4,2040,2041.6,14074374,28851163932
15-Feb-21,2048.05,2061.3,2025,2034,2032.6,7287590,14889502308
16-Feb-21,2039.75,2079.4,2035,2058.5,2059.5,9886093,20377537337
17-Feb-21,2060,2095.95,2050.6,2079.2,2083.25,10957388,22758423346
18-Feb-21,2085,2108.4,2059.1,2063.5,2067.7,8605531,17944045241
19-Feb-21,2057,2104.95,2053.3,2080,2080.3,10800704,22553356631
22-Feb-21,2080,2089.9,1994.95,1999.1,2008.1,10985697,22376599862
23-Feb-21,2048,2052.9,2013.6,2026.15,2023.45,11834752,24077795769
24-Feb-21,2030,2065.25,2026.15,2060.55,2061,4987735,10219330133
25-Feb-21,2076,2152,2073,2147,2144.35,16085897,34111575088
26-Feb-21,2117,2133.9,2070.7,2079.5,2085.8,17297575,36267601929
1-Mar-21,2110.2,2112,2062.5,2103,2101.7,8159670,17077101153
2-Mar-21,2122,2130,2089.1,2108,2106,7915073,16683250359
3-Mar-21,2121.05,2219.9,2107.2,2207.1,2202.1,14733134,31846213370
4-Mar-21,2180,2189.95,2157.7,2174,2175.85,9892597,21522070321
5-Mar-21,2156,2211.95,2153.05,2174.55,2178.7,11773630,25717685129
8-Mar-21,2168.5,2231.9,2168,2193,2191.1,9002404,19856244553
9-Mar-21,2200,2213.8,2146.6,2190.55,2191.05,6993792,15256736216
10-Mar-21,2207,2215.1,2170.25,2179.4,2181.95,5316182,11630074902
12-Mar-21,2195,2206.4,2123.9,2136.9,2137.6,7783173,16816345899
15-Mar-21,2140.05,2148.9,2080.5,2105,2108.9,7706302,16209190176
16-Mar-21,2114,2126,2095.5,2100.75,2100.6,6402757,13491841405
17-Mar-21,2098.05,2103,2035.1,2054.5,2055.35,8865521,18315233171
18-Mar-21,2072.9,2084.8,2001,2010,2009.1,9528809,19427231150
19-Mar-21,1991,2095.85,1982.8,2078.1,2082,19284892,39485840254
22-Mar-21,2071,2074,2033.2,2061,2062.4,8571196,17578960666
23-Mar-21,2061.95,2109.7,2056,2079.9,2087.5,8039865,16776188635
24-Mar-21,2079.75,2079.75,2040.4,2048.55,2047.3,7763726,15961211346
25-Mar-21,2054,2054,1985,1993.95,1991.45,10153757,20421743790
26-Mar-21,2012,2013.7,1973.7,1994,1994.65,9313160,18580559231
30-Mar-21,2008,2048.9,1991.55,2031.9,2029.3,9433850,19117149422
31-Mar-21,2018,2049.9,1999,2005.65,2003.1,7499740,15128527745
1-Apr-21,2018,2030,2003.15,2020,2021.85,5410307,10917411939
5-Apr-21,2024.95,2025,1962.1,1992,1992.6,6864856,13635237476
6-Apr-21,2004,2004.95,1969,1986.2,1984.3,6465241,12833469592
7-Apr-21,2000,2046.9,1993.3,2001.55,2002.85,11198918,22613014349
8-Apr-21,2011,2022,1993,2006.4,2005.35,7092878,14229431685
9-Apr-21,1998.45,2006.35,1980,1983.45,1982.05,6478482,12886234947
12-Apr-21,1959,1961.4,1900.25,1915.65,1911.15,9646031,18549212835
13-Apr-21,1924,1940.6,1917.85,1932.3,1931.8,8958261,17301890369
15-Apr-21,1926.3,1961,1913,1943,1944.3,9102492,17598148870
16-Apr-21,1936.6,1949.9,1926.45,1929,1932.1,7225679,13983364355
19-Apr-21,1904,1916.4,1890,1903.05,1901.7,8527967,16225059562
20-Apr-21,1910.5,1919,1890.45,1905,1901.15,7939490,15138541715
22-Apr-21,1892.25,1914.45,1876.7,1905.1,1906.4,6687573,12696948265
23-Apr-21,1906,1918.9,1895.35,1903.35,1904.35,5459016,10412893970
26-Apr-21,1920,1962,1911.5,1938,1937.85,9620785,18676994629
27-Apr-21,1940,1997.2,1938.25,1990,1988.65,9226547,18256021294
28-Apr-21,1997.85,2008,1980.15,1993.15,1997.3,7902002,15785076088
29-Apr-21,2022.9,2044.5,2007.3,2020,2024.05,8035915,16266339428
30-Apr-21,2008.5,2036,1987.55,1995.9,1994.5,9150974,18395321175
3-May-21,1966,1979,1943.1,1956,1959.05,10909942,21366639469
4-May-21,1950,1967.8,1911,1918,1916.6,10083693,19520330406
5-May-21,1923.35,1938.5,1908.05,1921.5,1920.1,5719649,11000363969
6-May-21,1921.85,1935,1906.6,1932,1931,6749281,12965019709